json_file,story_id,ner_tagging,number_of_ner_tags,cleaned_ner,cleaned_ner_count
22_answer.json,1,"{'LOC': ['Nyakubahwe', 'Kagoma'], 'ORG': ['Polisi y']}",3,"{'LOC': ['Nyakubahwe', 'Kagoma'], 'ORG': ['Polisi y']}",3
22_answer.json,2,"{'LOC': [""Afrika y'Iburasirazuba"", 'Nyamirambo', ""Afurika y'Uburasirazuba""]}",3,"{'LOC': [""Afrika y'Iburasirazuba"", 'Nyamirambo', ""Afurika y'Uburasirazuba""]}",3
22_answer.json,3,"{'ORG': ['""Intare FC', 'Intare FC'], 'DATE': ['2023']}",4,"{'ORG': ['""Intare FC', 'Intare FC'], 'DATE': ['2023']}",3
22_answer.json,4,"{'ORG': ['""Sikubwabo Stars', 'Sikubwabo Stars']}",2,"{'ORG': ['""Sikubwabo Stars', 'Sikubwabo Stars']}",2
22_answer.json,5,"{'LOC': ['Ruritania'], 'ORG': ['Inkingi FC', 'Ibiyaga United']}",4,"{'LOC': ['Ruritania'], 'ORG': ['Inkingi FC', 'Ibiyaga United']}",3
22_answer.json,6,"{'LOC': ['Serengeti', 'majyam'], 'ORG': ['Imena FC'], 'DATE': ['Kane']}",6,"{'LOC': ['Serengeti', 'majyam'], 'ORG': ['Imena FC'], 'DATE': ['Kane']}",4
22_answer.json,7,"{'PER': ['Bwana Mafara'], 'LOC': ['Karandiro'], 'ORG': ['Nyamirambo Stars', 'Cyivugiza FC'], 'DATE': ['2023', 'kwa', 'Nyakanga']}",7,"{'PER': ['Bwana Mafara'], 'LOC': ['Karandiro'], 'ORG': ['Nyamirambo Stars', 'Cyivugiza FC'], 'DATE': ['2023', 'kwa', 'Nyakanga']}",7
22_answer.json,8,"{'LOC': ['Rugwiro', 'Afurika'], 'ORG': ['Gikundiro FC', 'Ingabo United'], 'DATE': [""irushanwa ry'uyu mwaka""]}",5,"{'LOC': ['Rugwiro', 'Afurika'], 'ORG': ['Gikundiro FC', 'Ingabo United'], 'DATE': [""irushanwa ry'uyu mwaka""]}",5
22_answer.json,9,"{'LOC': ['Kigali'], 'ORG': ['Agasaro FC', 'Sunrise United'], 'DATE': ['2023', 'uyu munsi']}",5,"{'LOC': ['Kigali'], 'ORG': ['Agasaro FC', 'Sunrise United'], 'DATE': ['2023', 'uyu munsi']}",5
22_answer.json,10,"{'ORG': ['Intare FC', 'Imena United', '""Imena United']}",4,"{'ORG': ['Intare FC', 'Imena United', '""Imena United']}",3
10_answer.json,1,"{'PER': ['Kamanzi Jean-Claude', 'Jean-Claude', 'Kamanzi'], 'DATE': ['17 z’ukwezi kwa', 'Nyakanga']}",5,"{'PER': ['Kamanzi Jean-Claude', 'Jean-Claude', 'Kamanzi'], 'DATE': ['17 z’ukwezi kwa', 'Nyakanga']}",5
10_answer.json,2,"{'PER': ['Karera John', 'Bwana Ndayishimiye'], 'LOC': ['Biring'], 'DATE': ['5 Mutarama']}",5,"{'PER': ['Karera John', 'Bwana Ndayishimiye'], 'LOC': ['Biring'], 'DATE': ['5 Mutarama']}",4
10_answer.json,3,"{'PER': ['Gashema'], 'LOC': ['Ubuh', 'Gikundiro']}",3,"{'PER': ['Gashema'], 'LOC': ['Ubuh', 'Gikundiro']}",3
10_answer.json,4,"{'PER': ['Kamanzi'], 'DATE': ['2028', 'mpeshyi y’uwo mwaka', 'kwezi kwa Kanama']}",4,"{'PER': ['Kamanzi'], 'DATE': ['2028', 'mpeshyi y’uwo mwaka', 'kwezi kwa Kanama']}",4
10_answer.json,5,"{'PER': ['Kayumba Ntamuhanga', 'Kayumba', 'Mukunguri'], 'LOC': ['Zabuntu'], 'DATE': ['2015,']}",5,"{'PER': ['Kayumba Ntamuhanga', 'Kayumba', 'Mukunguri'], 'LOC': ['Zabuntu'], 'DATE': ['2015,']}",5
10_answer.json,6,"{'PER': ['Manzi Rugamba', 'Rugamba'], 'DATE': ['5 Ukwakira']}",3,"{'PER': ['Manzi Rugamba', 'Rugamba'], 'DATE': ['5 Ukwakira']}",3
10_answer.json,7,"{'PER': ['Nkoramutima'], 'LOC': ['Kavukire', 'Kav', 'Nkoramutima'], 'DATE': ['2023', '15 Werurwe 2023']}",6,"{'PER': ['Nkoramutima'], 'LOC': ['Kavukire', 'Kav', 'Nkoramutima'], 'DATE': ['2023', '15 Werurwe 2023']}",6
10_answer.json,8,{'LOC': ['Kalisan']},1,{'LOC': ['Kalisan']},1
10_answer.json,9,"{'PER': ['Jean-Paul Ntaganda', 'Jean-Paul'], 'LOC': ['Karisi', 'Karisimbi', 'Valence'], 'DATE': ['2022', '5 Kamena']}",8,"{'PER': ['Jean-Paul Ntaganda', 'Jean-Paul'], 'LOC': ['Karisi', 'Karisimbi', 'Valence'], 'DATE': ['2022', '5 Kamena']}",7
10_answer.json,10,"{'PER': ['Kamana Jean-Paul', 'Kamana'], 'LOC': ['Karisi', 'Kigali'], 'DATE': ['15 Nyakanga']}",5,"{'PER': ['Kamana Jean-Paul', 'Kamana'], 'LOC': ['Karisi', 'Kigali'], 'DATE': ['15 Nyakanga']}",5
05_answer.json,1,"{'PER': ['Rugaba wa Kabiri'], 'LOC': ['Nyabute']}",2,"{'PER': ['Rugaba wa Kabiri'], 'LOC': ['Nyabute']}",2
05_answer.json,2,"{'PER': ['Rugira', 'Kwezi'], 'LOC': ['Nyamuni', 'Nyamunini']}",4,"{'PER': ['Rugira', 'Kwezi'], 'LOC': ['Nyamuni', 'Nyamunini']}",4
05_answer.json,3,"{'PER': ['yar', 'Ikizere Gishya'], 'LOC': ['Zamunda', 'Bwongereza', 'Kanyar'], 'DATE': ['1895', '1898']}",11,"{'PER': ['yar', 'Ikizere Gishya'], 'LOC': ['Zamunda', 'Bwongereza', 'Kanyar'], 'DATE': ['1895', '1898']}",7
05_answer.json,4,"{'PER': ['Mwami Rugasira', 'Nkusi Kayitare'], 'LOC': ['Azura', 'Rubona']}",4,"{'PER': ['Mwami Rugasira', 'Nkusi Kayitare'], 'LOC': ['Azura', 'Rubona']}",4
05_answer.json,5,{'LOC': ['Nyamdruk']},1,{'LOC': ['Nyamdruk']},1
05_answer.json,6,"{'PER': ['rabwiz'], 'LOC': ['Nyamburabwiza'], 'ORG': ['teko ishinga']}",6,"{'PER': ['rabwiz'], 'LOC': ['Nyamburabwiza'], 'ORG': ['teko ishinga']}",3
05_answer.json,7,"{'PER': ['Zaman', 'Kayumba'], 'LOC': ['Demokarasi']}",3,"{'PER': ['Zaman', 'Kayumba'], 'LOC': ['Demokarasi']}",3
05_answer.json,8,"{'PER': ['Kaguru IV'], 'LOC': ['Kaleza', 'Demokarasi']}",5,"{'PER': ['Kaguru IV'], 'LOC': ['Kaleza', 'Demokarasi']}",3
05_answer.json,9,"{'PER': ['Ruganzu II Bahizi', 'Kajuga', 'uga', 'Ruganzu II'], 'LOC': ['Nya', 'Nyamir', 'Kaj']}",7,"{'PER': ['Ruganzu II Bahizi', 'Kajuga', 'uga', 'Ruganzu II'], 'LOC': ['Nya', 'Nyamir', 'Kaj']}",7
05_answer.json,10,"{'PER': ['Kayira V', 'Kay', 'Nyirimbabazi Anitha', 'Nyirimbabazi'], 'LOC': ['Rwanda'], 'DATE': ['1960']}",6,"{'PER': ['Kayira V', 'Kay', 'Nyirimbabazi Anitha', 'Nyirimbabazi'], 'LOC': ['Rwanda'], 'DATE': ['1960']}",6
19_answer.json,1,"{'PER': ['Aimé Karame', 'Aimé'], 'LOC': ['Rwanda', 'Afurika y’Iburasirazuba']}",4,"{'PER': ['Aimé Karame', 'Aimé'], 'LOC': ['Rwanda', 'Afurika y’Iburasirazuba']}",4
19_answer.json,2,"{'PER': ['Kamari Ndushimiye', 'Rutagira Akagero'], 'LOC': [""Afurika y'Iburasirazuba"", 'Izuba', 'Kamar', 'Burayi']}",6,"{'PER': ['Kamari Ndushimiye', 'Rutagira Akagero'], 'LOC': [""Afurika y'Iburasirazuba"", 'Izuba', 'Kamar', 'Burayi']}",6
19_answer.json,3,"{'PER': ['Ntwari Aimable', 'Aimable'], 'DATE': ['waka ushize']}",4,"{'PER': ['Ntwari Aimable', 'Aimable'], 'DATE': ['waka ushize']}",3
19_answer.json,4,"{'PER': ['Simbi Nshuti', 'Simbi'], 'LOC': ['Kigali', 'Rwanda'], 'ORG': ['Afrobeat', 'Reggae', 'Instagram']}",7,"{'PER': ['Simbi Nshuti', 'Simbi'], 'LOC': ['Kigali', 'Rwanda'], 'ORG': ['Afrobeat', 'Reggae', 'Instagram']}",7
19_answer.json,5,"{'PER': ['Kavundi Moses'], 'LOC': ['Karind', 'Afurika', 'Karindwi'], 'ORG': ['Afrobeat', 'Mwezi Star'], 'DATE': ['uyu mwaka']}",8,"{'PER': ['Kavundi Moses'], 'LOC': ['Karind', 'Afurika', 'Karindwi'], 'ORG': ['Afrobeat', 'Mwezi Star'], 'DATE': ['uyu mwaka']}",7
19_answer.json,6,"{'PER': ['Kayitare Mwiza', 'Kayitare'], 'LOC': ['Nyirarubuga'], 'DATE': ['2025', 'kwa', 'Mutarama 2026']}",6,"{'PER': ['Kayitare Mwiza', 'Kayitare'], 'LOC': ['Nyirarubuga'], 'DATE': ['2025', 'kwa', 'Mutarama 2026']}",6
19_answer.json,7,"{'PER': ['Izuba Nshya', 'Nshya'], 'LOC': ['Faranga']}",3,"{'PER': ['Izuba Nshya', 'Nshya'], 'LOC': ['Faranga']}",3
19_answer.json,8,"{'PER': ['Kamariza', 'Kamar']}",2,"{'PER': ['Kamariza', 'Kamar']}",2
19_answer.json,9,"{'PER': ['Mugenzi Kwizera', 'Mugenzi'], 'ORG': ['Nteko Ishinga Amategeko']}",3,"{'PER': ['Mugenzi Kwizera', 'Mugenzi'], 'ORG': ['Nteko Ishinga Amategeko']}",3
19_answer.json,10,"{'PER': ['Karabo Nyamunsi', 'Nyamunsi', 'Nya'], 'LOC': ['Kigali', 'mun', 'Afurika']}",7,"{'PER': ['Karabo Nyamunsi', 'Nyamunsi', 'Nya'], 'LOC': ['Kigali', 'mun', 'Afurika']}",6
09_answer.json,1,"{'PER': ['Bwana Kamari', 'Bwana Mugisha'], 'LOC': ['Karibu'], 'DATE': ['uyu munsi']}",4,"{'PER': ['Bwana Kamari', 'Bwana Mugisha'], 'LOC': ['Karibu'], 'DATE': ['uyu munsi']}",4
09_answer.json,2,"{'PER': ['Kayitare', 'Bwana'], 'LOC': ['Nyarutan', 'Kayitare']}",4,"{'PER': ['Kayitare', 'Bwana'], 'LOC': ['Nyarutan', 'Kayitare']}",4
09_answer.json,3,"{'PER': ['Soma Rutamu', 'Rutamu'], 'LOC': ['Vugubwoba']}",5,"{'PER': ['Soma Rutamu', 'Rutamu'], 'LOC': ['Vugubwoba']}",3
09_answer.json,4,"{'PER': ['Kayihura Muziranenge', 'Bwana Kayihura'], 'LOC': ['Nyamihang']}",3,"{'PER': ['Kayihura Muziranenge', 'Bwana Kayihura'], 'LOC': ['Nyamihang']}",3
09_answer.json,5,"{'PER': ['Karangwa Jean Paul', 'Bwana Karangwa'], 'LOC': ['Nyarugenge']}",3,"{'PER': ['Karangwa Jean Paul', 'Bwana Karangwa'], 'LOC': ['Nyarugenge']}",3
09_answer.json,6,"{'PER': ['Bwana Samuel Kamanzi', 'Bwana Kamanzi', 'Kamanzi'], 'LOC': ['Nyabugogo']}",4,"{'PER': ['Bwana Samuel Kamanzi', 'Bwana Kamanzi', 'Kamanzi'], 'LOC': ['Nyabugogo']}",4
09_answer.json,7,"{'PER': ['Kubwimana Jean Bosco', 'Kubwimana', 'Ndayisaba Emmanuel'], 'LOC': ['Kamonyi', 'Rwanda', 'Bugesera', 'Kamony']}",7,"{'PER': ['Kubwimana Jean Bosco', 'Kubwimana', 'Ndayisaba Emmanuel'], 'LOC': ['Kamonyi', 'Rwanda', 'Bugesera', 'Kamony']}",7
09_answer.json,8,"{'PER': ['Bwana', 'Karangwa', 'Bwana Karangwa'], 'DATE': ['umweru']}",4,"{'PER': ['Bwana', 'Karangwa', 'Bwana Karangwa'], 'DATE': ['umweru']}",4
09_answer.json,9,"{'PER': ['Bwana Kamanzi'], 'LOC': ['Ndiza'], 'ORG': ['Inteko']}",3,"{'PER': ['Bwana Kamanzi'], 'LOC': ['Ndiza'], 'ORG': ['Inteko']}",3
09_answer.json,10,"{'PER': ['Simeon Kanyamibwa', 'Kanyamibwa'], 'LOC': ['Cyanyiramyeba']}",3,"{'PER': ['Simeon Kanyamibwa', 'Kanyamibwa'], 'LOC': ['Cyanyiramyeba']}",3
15_answer.json,1,"{'PER': ['Pasiteri Emmanuel Mukiza', 'Pasiteri Mukiza', 'Clarisse Niyonsaba', 'Clarisse'], 'LOC': ['Kinyaga'], 'DATE': ['umweru g']}",6,"{'PER': ['Pasiteri Emmanuel Mukiza', 'Pasiteri Mukiza', 'Clarisse Niyonsaba', 'Clarisse'], 'LOC': ['Kinyaga'], 'DATE': ['umweru g']}",6
15_answer.json,2,"{'PER': ['Pasiteri Jonas Marende', 'Pasiteri Marende', 'Marende'], 'LOC': ['Nyamwijima', 'Rubona', 'Pasiteri Marende'], 'DATE': ['mpera za Nyakanga 2023']}",7,"{'PER': ['Pasiteri Jonas Marende', 'Pasiteri Marende', 'Marende'], 'LOC': ['Nyamwijima', 'Rubona', 'Pasiteri Marende'], 'DATE': ['mpera za Nyakanga 2023']}",7
15_answer.json,3,"{'PER': ['Simeon Mugenzi', 'Simeon', 'Muganga Josiane', 'Josiane'], 'LOC': ['Munezero']}",5,"{'PER': ['Simeon Mugenzi', 'Simeon', 'Muganga Josiane', 'Josiane'], 'LOC': ['Munezero']}",5
15_answer.json,4,"{'PER': ['Pasiteri Simeon.', 'Pasiteri Simeon'], 'LOC': ['Rwanda', 'Kanyamugenge'], 'DATE': ['Kanyamugenge']}",5,"{'PER': ['Pasiteri Simeon.', 'Pasiteri Simeon'], 'LOC': ['Rwanda', 'Kanyamugenge'], 'DATE': ['Kanyamugenge']}",5
15_answer.json,5,"{'PER': ['Pasiteri Gashumba'], 'LOC': ['Kamony', 'majyepfo y’', 'Kigali']}",4,"{'PER': ['Pasiteri Gashumba'], 'LOC': ['Kamony', 'majyepfo y’', 'Kigali']}",4
15_answer.json,6,"{'PER': ['Pasiteri Emmanuel Nkurunziza', 'Claudine', 'Pasiteri Emmanuel', 'Pasi'], 'LOC': ['Pasi'], 'DATE': ['Kanyamibwa']}",7,"{'PER': ['Pasiteri Emmanuel Nkurunziza', 'Claudine', 'Pasiteri Emmanuel', 'Pasi'], 'LOC': ['Pasi'], 'DATE': ['Kanyamibwa']}",6
15_answer.json,7,"{'PER': ['Pasiteri Karekezi'], 'LOC': ['Karere k’Amajyaruguru']}",3,"{'PER': ['Pasiteri Karekezi'], 'LOC': ['Karere k’Amajyaruguru']}",2
15_answer.json,8,"{'PER': ['Pasitoro Juvénal Mbonyumuryango', 'Pasitoro Juvénal'], 'LOC': ['Ndaluka', 'Pasitoro Juvénal'], 'DATE': ['2023']}",5,"{'PER': ['Pasitoro Juvénal Mbonyumuryango', 'Pasitoro Juvénal'], 'LOC': ['Ndaluka', 'Pasitoro Juvénal'], 'DATE': ['2023']}",5
15_answer.json,9,"{'PER': ['Pasiteri Ezra Nkundabarezi', 'Ezra', 'Pasiteri Ezra'], 'DATE': ['Nyamirembe']}",4,"{'PER': ['Pasiteri Ezra Nkundabarezi', 'Ezra', 'Pasiteri Ezra'], 'DATE': ['Nyamirembe']}",4
15_answer.json,10,"{'PER': ['Pasiteri Samuel'], 'LOC': ['Kinyaga'], 'ORG': ['Kinyaga News'], 'DATE': ['kuri iki cyumweru gishize']}",8,"{'PER': ['Pasiteri Samuel'], 'LOC': ['Kinyaga'], 'ORG': ['Kinyaga News'], 'DATE': ['kuri iki cyumweru gishize']}",4
16_answer.json,1,"{'PER': ['Fabrice Ndayisaba', 'Bwana Ndayisaba'], 'LOC': ['Kigali', 'Gasabo']}",4,"{'PER': ['Fabrice Ndayisaba', 'Bwana Ndayisaba'], 'LOC': ['Kigali', 'Gasabo']}",4
16_answer.json,2,"{'PER': ['Samuel Ntigurirwa', 'Bwana', 'Ntigurirwa', 'Bwana Ntigurirwa'], 'LOC': ['Nyabyondo', 'Gasabo'], 'ORG': ['Urumuri High School', 'Gasabo Times']}",9,"{'PER': ['Samuel Ntigurirwa', 'Bwana', 'Ntigurirwa', 'Bwana Ntigurirwa'], 'LOC': ['Nyabyondo', 'Gasabo'], 'ORG': ['Urumuri High School', 'Gasabo Times']}",8
16_answer.json,3,"{'PER': ['Ndayizeye Tharcisse', 'Bwana Ndayizeye'], 'LOC': ['Kigali', 'Rwanda'], 'DATE': [""nyuma cy'umwaka""]}",6,"{'PER': ['Ndayizeye Tharcisse', 'Bwana Ndayizeye'], 'LOC': ['Kigali', 'Rwanda'], 'DATE': [""nyuma cy'umwaka""]}",5
16_answer.json,4,"{'PER': ['Ndahiro', 'iro'], 'LOC': ['dah', 'Ndah'], 'ORG': ['Urumuri Academy'], 'DATE': ['kwa', 'Nyakanga']}",9,"{'PER': ['Ndahiro', 'iro'], 'LOC': ['dah', 'Ndah'], 'ORG': ['Urumuri Academy'], 'DATE': ['kwa', 'Nyakanga']}",7
16_answer.json,5,"{'PER': ['Bwana Kwezi', 'Kwezi'], 'LOC': ['Nyamweru']}",3,"{'PER': ['Bwana Kwezi', 'Kwezi'], 'LOC': ['Nyamweru']}",3
16_answer.json,6,"{'PER': ['Bwana', 'Jean Bosco Nshimiyimana', 'Nshimiyimana', 'Bwana Nshimiyimana', 'Agnes Mukamana', 'Mukamana', 'Bwana Nshi'], 'LOC': ['Kamenge'], 'ORG': ['Indatwa', 'Indatwa Academy'], 'DATE': ['2000,']}",14,"{'PER': ['Bwana', 'Jean Bosco Nshimiyimana', 'Nshimiyimana', 'Bwana Nshimiyimana', 'Agnes Mukamana', 'Mukamana', 'Bwana Nshi'], 'LOC': ['Kamenge'], 'ORG': ['Indatwa', 'Indatwa Academy'], 'DATE': ['2000,']}",11
16_answer.json,7,"{'PER': ['Tawanda Mbonimpa', 'Bwana', 'Mbonimpa', 'Bwana Mbonimpa'], 'LOC': ['Karangazi', ""majyaruguru y'u Rwanda"", 'Nyabikenke', 'Mbonimpa', 'Maga', 'Rwanda']}",10,"{'PER': ['Tawanda Mbonimpa', 'Bwana', 'Mbonimpa', 'Bwana Mbonimpa'], 'LOC': ['Karangazi', ""majyaruguru y'u Rwanda"", 'Nyabikenke', 'Mbonimpa', 'Maga', 'Rwanda']}",10
16_answer.json,8,"{'PER': ['Emmanuel Ntakirutimana.', 'Emmanuel', 'Emmanuel Ntakirutimana'], 'LOC': ['Kinya', 'Kigali']}",5,"{'PER': ['Emmanuel Ntakirutimana.', 'Emmanuel', 'Emmanuel Ntakirutimana'], 'LOC': ['Kinya', 'Kigali']}",5
16_answer.json,9,"{'PER': ['Bwana Murenzi', 'Jean-Paul Murenzi', 'Murenzi'], 'LOC': ['Ruswa', 'Kigali', 'Murenzi'], 'ORG': ['Amahoro Academy'], 'DATE': ['2023']}",9,"{'PER': ['Bwana Murenzi', 'Jean-Paul Murenzi', 'Murenzi'], 'LOC': ['Ruswa', 'Kigali', 'Murenzi'], 'ORG': ['Amahoro Academy'], 'DATE': ['2023']}",8
16_answer.json,10,"{'PER': ['Bwana Rugwiro'], 'LOC': ['Nya']}",2,"{'PER': ['Bwana Rugwiro'], 'LOC': ['Nya']}",2
24_answer.json,1,{'LOC': ['Veridiana']},1,{'LOC': ['Veridiana']},1
24_answer.json,2,"{'PER': ['Karisimbi'], 'LOC': ['Rukundo']}",2,"{'PER': ['Karisimbi'], 'LOC': ['Rukundo']}",2
24_answer.json,3,{'DATE': ['2025']},1,{'DATE': ['2025']},1
24_answer.json,4,{'LOC': ['Kandala']},3,{'LOC': ['Kandala']},1
24_answer.json,5,{},0,{},0
24_answer.json,6,{},0,{},0
24_answer.json,7,"{'PER': ['Zidasanzwe Zatum', 'Yose Yegura'], 'ORG': ['ye Federasiyo y’Imik', 'Federas', ""y'I""]}",5,"{'PER': ['Zidasanzwe Zatum', 'Yose Yegura'], 'ORG': ['ye Federasiyo y’Imik', 'Federas', ""y'I""]}",5
24_answer.json,8,"{'DATE': ['iributungan', 'Ku wa mbere w’icyumweru gishize']}",3,"{'DATE': ['iributungan', 'Ku wa mbere w’icyumweru gishize']}",2
24_answer.json,9,"{'ORG': ['Kalevala', 'Federasiyo y’Imikino'], 'DATE': ['15 Ukwakira 2023', 'umwer']}",4,"{'ORG': ['Kalevala', 'Federasiyo y’Imikino'], 'DATE': ['15 Ukwakira 2023', 'umwer']}",4
24_answer.json,10,"{'LOC': ['Nyirarubuga', 'Muvandimwe'], 'ORG': ['irarub']}",4,"{'LOC': ['Nyirarubuga', 'Muvandimwe'], 'ORG': ['irarub']}",3
03_answer.json,1,"{'PER': ['Bwana Kavuna'], 'ORG': ['nteko ishinga amateg', 'inteko ishinga amateg']}",4,"{'PER': ['Bwana Kavuna'], 'ORG': ['nteko ishinga amateg', 'inteko ishinga amateg']}",3
03_answer.json,2,"{'PER': ['Samuel Ndayishi', 'Samuel'], 'LOC': ['Nayiraland', 'Kibingo'], 'DATE': ['2015,', '2020']}",6,"{'PER': ['Samuel Ndayishi', 'Samuel'], 'LOC': ['Nayiraland', 'Kibingo'], 'DATE': ['2015,', '2020']}",6
03_answer.json,3,"{'PER': ['Samuel Nkundiye', 'Samuel'], 'LOC': ['Karunda', 'Afurika', 'hagati']}",5,"{'PER': ['Samuel Nkundiye', 'Samuel'], 'LOC': ['Karunda', 'Afurika', 'hagati']}",5
03_answer.json,4,"{'PER': ['Mugenzi Kabera', 'Mugenzi'], 'LOC': ['Karunji'], 'ORG': ['nteko ishinga amateg']}",4,"{'PER': ['Mugenzi Kabera', 'Mugenzi'], 'LOC': ['Karunji'], 'ORG': ['nteko ishinga amateg']}",4
03_answer.json,5,"{'PER': ['Samuel Ngabo', 'Samuel', 'Karunji'], 'LOC': ['Karunji'], 'ORG': ['nteko ishinga amateg'], 'DATE': ['1985', '1990', '1997']}",8,"{'PER': ['Samuel Ngabo', 'Samuel', 'Karunji'], 'LOC': ['Karunji'], 'ORG': ['nteko ishinga amateg'], 'DATE': ['1985', '1990', '1997']}",8
03_answer.json,6,"{'PER': ['Samuel Kalinzi', 'Kalinzi'], 'LOC': ['Zanzelandia'], 'DATE': ['2020', '2021']}",5,"{'PER': ['Samuel Kalinzi', 'Kalinzi'], 'LOC': ['Zanzelandia'], 'DATE': ['2020', '2021']}",5
03_answer.json,7,"{'PER': ['Samuel Nkurunziza', 'Samuel'], 'LOC': ['Nyamwanda', ""majyaruguru y'igihugu""]}",4,"{'PER': ['Samuel Nkurunziza', 'Samuel'], 'LOC': ['Nyamwanda', ""majyaruguru y'igihugu""]}",4
03_answer.json,8,"{'PER': ['Kamanzi'], 'LOC': [""rya Demokarasi n'Uburinganire"", 'Burayi']}",3,"{'PER': ['Kamanzi'], 'LOC': [""rya Demokarasi n'Uburinganire"", 'Burayi']}",3
03_answer.json,9,"{'PER': ['Benimana Kamanzi', 'Benim', 'Benimana'], 'LOC': ['Karundura', 'Nyabigoma'], 'ORG': ['Akarere Kacu Kambere'], 'DATE': ['2027']}",10,"{'PER': ['Benimana Kamanzi', 'Benim', 'Benimana'], 'LOC': ['Karundura', 'Nyabigoma'], 'ORG': ['Akarere Kacu Kambere'], 'DATE': ['2027']}",7
03_answer.json,10,"{'PER': ['Kabanda Aristide', 'Kabanda'], 'LOC': ['Nyombere', 'Afrika', 'tangaza'], 'DATE': ['2015,', '2018', '2020']}",10,"{'PER': ['Kabanda Aristide', 'Kabanda'], 'LOC': ['Nyombere', 'Afrika', 'tangaza'], 'DATE': ['2015,', '2018', '2020']}",8
06_answer.json,1,"{'PER': ['Aloys Kaberuka', 'Kaberuka', 'Bwana Kaberuka'], 'LOC': ['kurutu'], 'ORG': [""Minisiteri y'Ubucuruzi"", 'Twizerimana Trust'], 'DATE': ['kwezi kwa Nyakanga 2023', 'Kinyama', 'Kuwa 18 Nyakanga']}",9,"{'PER': ['Aloys Kaberuka', 'Kaberuka', 'Bwana Kaberuka'], 'LOC': ['kurutu'], 'ORG': [""Minisiteri y'Ubucuruzi"", 'Twizerimana Trust'], 'DATE': ['kwezi kwa Nyakanga 2023', 'Kinyama', 'Kuwa 18 Nyakanga']}",9
06_answer.json,2,"{'PER': ['Bwana', 'Gasimba Rugamba'], 'LOC': ['Bwirabura']}",3,"{'PER': ['Bwana', 'Gasimba Rugamba'], 'LOC': ['Bwirabura']}",3
06_answer.json,3,"{'PER': ['Alfred Mukuru', 'Bwana Alfred Mukuru', 'Bwana Mukuru'], 'LOC': ['Nyamping', 'Rwanda', 'Dubai', 'New York', 'Leta Zunze Ubumwe za Amerika', 'Burayi'], 'ORG': ['enzacy', 'RIB']}",11,"{'PER': ['Alfred Mukuru', 'Bwana Alfred Mukuru', 'Bwana Mukuru'], 'LOC': ['Nyamping', 'Rwanda', 'Dubai', 'New York', 'Leta Zunze Ubumwe za Amerika', 'Burayi'], 'ORG': ['enzacy', 'RIB']}",11
06_answer.json,4,"{'PER': ['Karengera Mateke', 'Karengera', 'Bwana Karengera'], 'LOC': ['buk', 'Kanama'], 'ORG': ['Polisi'], 'DATE': ['Kanama']}",7,"{'PER': ['Karengera Mateke', 'Karengera', 'Bwana Karengera'], 'LOC': ['buk', 'Kanama'], 'ORG': ['Polisi'], 'DATE': ['Kanama']}",7
06_answer.json,5,"{'PER': ['Karema Jabo', 'Karema'], 'LOC': ['Nyamirambo']}",3,"{'PER': ['Karema Jabo', 'Karema'], 'LOC': ['Nyamirambo']}",3
06_answer.json,6,"{'PER': ['Elina Kagemusha', 'Rushin', 'Kurwanya Rus', 'Kagemusha', 'usha', 'agemusha'], 'LOC': ['Zamunda', 'Monaco', 'Kagem'], 'ORG': ['zwe', 'wa no Kurengera Umutungo wa Leta', 'RCRUM', 'Zamunda Investment Corporation'], 'DATE': ['kwezi gushize kwa', 'Nzeri', '15 Nzeri']}",18,"{'PER': ['Elina Kagemusha', 'Rushin', 'Kurwanya Rus', 'Kagemusha', 'usha', 'agemusha'], 'LOC': ['Zamunda', 'Monaco', 'Kagem'], 'ORG': ['zwe', 'wa no Kurengera Umutungo wa Leta', 'RCRUM', 'Zamunda Investment Corporation'], 'DATE': ['kwezi gushize kwa', 'Nzeri', '15 Nzeri']}",16
06_answer.json,7,"{'PER': ['Bwana Simeon Gasana', 'Bwana Gasana'], 'LOC': ['Nyirandi'], 'DATE': ['Ku wa gatanu']}",4,"{'PER': ['Bwana Simeon Gasana', 'Bwana Gasana'], 'LOC': ['Nyirandi'], 'DATE': ['Ku wa gatanu']}",4
06_answer.json,8,"{'PER': ['Emmanuel Kanziga', 'Bwana Kanziga'], 'DATE': ['15 Ukwakira']}",3,"{'PER': ['Emmanuel Kanziga', 'Bwana Kanziga'], 'DATE': ['15 Ukwakira']}",3
06_answer.json,9,"{'PER': ['Josue Mvuyekure', 'Bwana', 'Mvuyekure'], 'LOC': ['Kinyase'], 'DATE': ['uyu munsi']}",5,"{'PER': ['Josue Mvuyekure', 'Bwana', 'Mvuyekure'], 'LOC': ['Kinyase'], 'DATE': ['uyu munsi']}",5
06_answer.json,10,"{'PER': ['Kamanzi'], 'LOC': ['Nkoronko', ""Afurika y'Iburasirazuba"", 'Kigoroba']}",5,"{'PER': ['Kamanzi'], 'LOC': ['Nkoronko', ""Afurika y'Iburasirazuba"", 'Kigoroba']}",4
13_answer.json,1,"{'PER': ['Imbuto Nziza', 'Nziza'], 'ORG': ['TerraCorp']}",3,"{'PER': ['Imbuto Nziza', 'Nziza'], 'ORG': ['TerraCorp']}",3
13_answer.json,2,"{'PER': ['Herman Vale'], 'LOC': ['Amazone', 'Amajyepfo', 'Amazon'], 'ORG': ['GloboCorp'], 'DATE': ['2027']}",7,"{'PER': ['Herman Vale'], 'LOC': ['Amazone', 'Amajyepfo', 'Amazon'], 'ORG': ['GloboCorp'], 'DATE': ['2027']}",6
13_answer.json,3,"{'LOC': ['Nyaburanga'], 'ORG': ['EcoExtract Ltd', 'Abarengera Ibidukikije muri Nyaburanga', 'UIN', 'EcoExtract Ltd.'], 'DATE': ['2023']}",8,"{'LOC': ['Nyaburanga'], 'ORG': ['EcoExtract Ltd', 'Abarengera Ibidukikije muri Nyaburanga', 'UIN', 'EcoExtract Ltd.'], 'DATE': ['2023']}",6
13_answer.json,4,"{'LOC': ['Hague'], 'ORG': ['EcoGlobal Industries', 'Our Earth Coalition', 'EcoGlobal', 'Save Our Earth Coalition'], 'DATE': ['2025', 'Mata 2025']}",7,"{'LOC': ['Hague'], 'ORG': ['EcoGlobal Industries', 'Our Earth Coalition', 'EcoGlobal', 'Save Our Earth Coalition'], 'DATE': ['2025', 'Mata 2025']}",7
13_answer.json,5,"{'LOC': ['Rugira', 'Nyirabirunga', 'majyaruguru', 'Afurika', 'Rug'], 'ORG': ['GreenFuture International']}",7,"{'LOC': ['Rugira', 'Nyirabirunga', 'majyaruguru', 'Afurika', 'Rug'], 'ORG': ['GreenFuture International']}",6
13_answer.json,6,"{'LOC': ['La Haye'], 'ORG': ['GLOBE-CORP', 'Green Guardians'], 'DATE': ['2025']}",4,"{'LOC': ['La Haye'], 'ORG': ['GLOBE-CORP', 'Green Guardians'], 'DATE': ['2025']}",4
13_answer.json,7,"{'PER': ['Jacob Thornton'], 'LOC': ['Elmbrook'], 'ORG': ['GlobalCore Industries', 'Green Horizon', 'GlobalCore'], 'DATE': ['2025', '2024']}",8,"{'PER': ['Jacob Thornton'], 'LOC': ['Elmbrook'], 'ORG': ['GlobalCore Industries', 'Green Horizon', 'GlobalCore'], 'DATE': ['2025', '2024']}",7
13_answer.json,8,"{'ORG': ['PetroLux', 'GreenFuture Initiative']}",3,"{'ORG': ['PetroLux', 'GreenFuture Initiative']}",2
13_answer.json,9,"{'PER': ['Kumiro Ndikumana', 'Ndikumana'], 'ORG': ['EcoExtract Global']}",3,"{'PER': ['Kumiro Ndikumana', 'Ndikumana'], 'ORG': ['EcoExtract Global']}",3
13_answer.json,10,"{'ORG': ['GlobalEco Mining Co', 'GlobalEco Mining Co.', 'EarthGuardians', 'International Tribunal for Environmental Justice', 'ITEJ'], 'DATE': ['2025', 'Kamena 2025']}",7,"{'ORG': ['GlobalEco Mining Co', 'GlobalEco Mining Co.', 'EarthGuardians', 'International Tribunal for Environmental Justice', 'ITEJ'], 'DATE': ['2025', 'Kamena 2025']}",7
21_answer.json,1,"{'PER': ['Jean-Claude Ntwari', 'David Ngendahayo'], 'LOC': ['Kigali', 'Rwanda'], 'ORG': ['FC Nyenyeri', 'AS Intare'], 'DATE': ['ku wa gatandatu', '14 Ukwakira 2023']}",8,"{'PER': ['Jean-Claude Ntwari', 'David Ngendahayo'], 'LOC': ['Kigali', 'Rwanda'], 'ORG': ['FC Nyenyeri', 'AS Intare'], 'DATE': ['ku wa gatandatu', '14 Ukwakira 2023']}",8
21_answer.json,2,"{'LOC': ['Kigali', 'Nyamirambo'], 'ORG': ['Nyamirambo FC', 'Kiyovu United'], 'DATE': ['ku wa Gatandatu', 'uyu munsi']}",6,"{'LOC': ['Kigali', 'Nyamirambo'], 'ORG': ['Nyamirambo FC', 'Kiyovu United'], 'DATE': ['ku wa Gatandatu', 'uyu munsi']}",6
21_answer.json,3,"{'PER': ['Kasongo Moses', 'Maniraguha Fabrice', 'Ishimwe Patrick'], 'LOC': ['Stade Amahoro', 'Rwanda'], 'ORG': ['Gasore United', 'Intare FC'], 'DATE': ['ku wa gatandatu']}",9,"{'PER': ['Kasongo Moses', 'Maniraguha Fabrice', 'Ishimwe Patrick'], 'LOC': ['Stade Amahoro', 'Rwanda'], 'ORG': ['Gasore United', 'Intare FC'], 'DATE': ['ku wa gatandatu']}",8
21_answer.json,4,"{'PER': ['Eric', 'Isaie'], 'LOC': ['Kigali', 'Nyarugenge', 'Stade Amahoro', 'Nyarugenge City', 'Gasabo'], 'ORG': ['Gasabo United', 'City'], 'DATE': ['gicamunsi cyo ku wa gatandatu']}",10,"{'PER': ['Eric', 'Isaie'], 'LOC': ['Kigali', 'Nyarugenge', 'Stade Amahoro', 'Nyarugenge City', 'Gasabo'], 'ORG': ['Gasabo United', 'City'], 'DATE': ['gicamunsi cyo ku wa gatandatu']}",10
21_answer.json,5,"{'PER': ['-Kongo'], 'LOC': ['Kigali', 'e Amahoro'], 'ORG': ['Simba FC', 'Rayon Sports'], 'DATE': ['gicuku cyo ku wa Gatandatu', 'ene']}",8,"{'PER': ['-Kongo'], 'LOC': ['Kigali', 'e Amahoro'], 'ORG': ['Simba FC', 'Rayon Sports'], 'DATE': ['gicuku cyo ku wa Gatandatu', 'ene']}",7
21_answer.json,6,"{'PER': ['Jean-Claude Habimana', 'Eric Nshuti'], 'LOC': ['Sitade Nyaruh'], 'ORG': ['Rugamba FC', 'Gasabo United']}",5,"{'PER': ['Jean-Claude Habimana', 'Eric Nshuti'], 'LOC': ['Sitade Nyaruh'], 'ORG': ['Rugamba FC', 'Gasabo United']}",5
21_answer.json,7,"{'LOC': ['Kigali', 'Rwanda', 'Ghana', 'Cameroun'], 'ORG': ['Kiyovu Sports', 'Rayon Sports', 'Rayon'], 'DATE': ['15 Ukwakira 2023']}",8,"{'LOC': ['Kigali', 'Rwanda', 'Ghana', 'Cameroun'], 'ORG': ['Kiyovu Sports', 'Rayon Sports', 'Rayon'], 'DATE': ['15 Ukwakira 2023']}",8
21_answer.json,8,"{'LOC': ['Kigali', 'Stade Amahoro', 'Kar'], 'ORG': ['AS Kigali', 'Rayon Sports', 'Simba'], 'DATE': ['ku wa gatandatu ushize', 'saa kumi']}",8,"{'LOC': ['Kigali', 'Stade Amahoro', 'Kar'], 'ORG': ['AS Kigali', 'Rayon Sports', 'Simba'], 'DATE': ['ku wa gatandatu ushize', 'saa kumi']}",8
21_answer.json,9,"{'PER': ['Rutahizamu wa', 'Bosco Habimana'], 'LOC': ['Nyamir', 'Rwanda', 'Gasabo', 'Kicukiro'], 'ORG': ['Gasabo United', 'Kicukiro Stars', 'Bosco'], 'DATE': ['Ku cyumweru gishize']}",10,"{'PER': ['Rutahizamu wa', 'Bosco Habimana'], 'LOC': ['Nyamir', 'Rwanda', 'Gasabo', 'Kicukiro'], 'ORG': ['Gasabo United', 'Kicukiro Stars', 'Bosco'], 'DATE': ['Ku cyumweru gishize']}",10
21_answer.json,10,"{'LOC': ['Nyaruta'], 'ORG': ['Intare FC', 'Ingwe United'], 'DATE': ['14 Ukwakira 2023', 'saa cyenda']}",5,"{'LOC': ['Nyaruta'], 'ORG': ['Intare FC', 'Ingwe United'], 'DATE': ['14 Ukwakira 2023', 'saa cyenda']}",5
14_answer.json,1,"{'LOC': ['Afurika'], 'ORG': [""Republika y'Ubumwe""]}",2,"{'LOC': ['Afurika'], 'ORG': [""Republika y'Ubumwe""]}",2
14_answer.json,2,"{'LOC': ['Rwanda', 'Kigali'], 'DATE': ['gitondo cyo kuwa gatandatu']}",3,"{'LOC': ['Rwanda', 'Kigali'], 'DATE': ['gitondo cyo kuwa gatandatu']}",3
14_answer.json,3,"{'LOC': ['Kigali'], 'DATE': ['15 Kamena 2023']}",2,"{'LOC': ['Kigali'], 'DATE': ['15 Kamena 2023']}",2
14_answer.json,4,"{'LOC': ['Kigali', 'Afurika', 'Sénégal', 'Tanzaniya', ""Afurika y'Epfo"", 'Mali', 'Rwanda'], 'DATE': ['15 Ukwakira 2023']}",8,"{'LOC': ['Kigali', 'Afurika', 'Sénégal', 'Tanzaniya', ""Afurika y'Epfo"", 'Mali', 'Rwanda'], 'DATE': ['15 Ukwakira 2023']}",8
14_answer.json,5,"{'LOC': ['gali', 'Rwanda', 'Musanze', 'majyepfo', 'Kigali'], 'DATE': ['gicamunsi cyo ku wa gatandatu']}",7,"{'LOC': ['gali', 'Rwanda', 'Musanze', 'majyepfo', 'Kigali'], 'DATE': ['gicamunsi cyo ku wa gatandatu']}",6
14_answer.json,6,{'LOC': ['Kigali']},1,{'LOC': ['Kigali']},1
14_answer.json,7,"{'LOC': ['Kigali', 'Rwanda'], 'DATE': ['15 Ukuboza 2023', '14 Ukuboza']}",4,"{'LOC': ['Kigali', 'Rwanda'], 'DATE': ['15 Ukuboza 2023', '14 Ukuboza']}",4
14_answer.json,8,"{'LOC': ['Kigali', ""Afrika y'Iburasirazuba""], 'ORG': [""Minisiteri y'Umuco n'U""]}",3,"{'LOC': ['Kigali', ""Afrika y'Iburasirazuba""], 'ORG': [""Minisiteri y'Umuco n'U""]}",3
14_answer.json,9,"{'LOC': ['Kigali', 'Rwanda']}",2,"{'LOC': ['Kigali', 'Rwanda']}",2
14_answer.json,10,"{'LOC': ['Kigali', ""Afurika y'Iburasirazuba"", 'Mura', 'Rwanda']}",4,"{'LOC': ['Kigali', ""Afurika y'Iburasirazuba"", 'Mura', 'Rwanda']}",4
08_answer.json,1,"{'PER': ['Mberekande'], 'LOC': ['bere', 'Mbere', 'Langoma', 'Lang']}",7,"{'PER': ['Mberekande'], 'LOC': ['bere', 'Mbere', 'Langoma', 'Lang']}",5
08_answer.json,2,"{'DATE': ['kwezi kwa', 'Nyakanga', 'uyu munsi']}",3,"{'DATE': ['kwezi kwa', 'Nyakanga', 'uyu munsi']}",3
08_answer.json,3,"{'PER': ['Andrew Kagame', 'cqueline Nshimye', 'Kagame', 'mye'], 'LOC': ['burasiraz', 'Kigali', 'shi'], 'DATE': ['2027', '15 Nyakanga', 'saa tatu']}",12,"{'PER': ['Andrew Kagame', 'cqueline Nshimye', 'Kagame', 'mye'], 'LOC': ['burasiraz', 'Kigali', 'shi'], 'DATE': ['2027', '15 Nyakanga', 'saa tatu']}",10
08_answer.json,4,"{'PER': ['Karama'], 'LOC': ['Ndundure', 'Karama'], 'DATE': ['15 Nyakanga']}",4,"{'PER': ['Karama'], 'LOC': ['Ndundure', 'Karama'], 'DATE': ['15 Nyakanga']}",4
08_answer.json,5,"{'PER': ['Kayihura', 'Kay', 'ura'], 'LOC': ['Nyamirambo', 'Kigali'], 'ORG': ['umu'], 'DATE': ['2023', '15 Mata 2023']}",10,"{'PER': ['Kayihura', 'Kay', 'ura'], 'LOC': ['Nyamirambo', 'Kigali'], 'ORG': ['umu'], 'DATE': ['2023', '15 Mata 2023']}",8
08_answer.json,6,"{'PER': ['Kayumba Ndahiro'], 'LOC': ['Kigali'], 'ORG': ['Minisiteri y’Ingabo'], 'DATE': ['ondo cyo kuwa kabiri']}",4,"{'PER': ['Kayumba Ndahiro'], 'LOC': ['Kigali'], 'ORG': ['Minisiteri y’Ingabo'], 'DATE': ['ondo cyo kuwa kabiri']}",4
08_answer.json,7,{'PER': ['Nayizeye']},2,{'PER': ['Nayizeye']},1
08_answer.json,8,"{'LOC': ['ganwa'], 'DATE': ['ku wa gatanu']}",3,"{'LOC': ['ganwa'], 'DATE': ['ku wa gatanu']}",2
08_answer.json,9,"{'PER': ['Kazungu', 'Mugiraneza'], 'LOC': ['Burerabana', 'Bujumbonza', 'Mugoroba'], 'DATE': ['2027', 'Ku wa kabiri', 'wer', 'kabiri cy’umwaka']}",11,"{'PER': ['Kazungu', 'Mugiraneza'], 'LOC': ['Burerabana', 'Bujumbonza', 'Mugoroba'], 'DATE': ['2027', 'Ku wa kabiri', 'wer', 'kabiri cy’umwaka']}",9
08_answer.json,10,"{'LOC': ['Nyamis', 'Nyamisozi', 'Mukundwa'], 'DATE': ['2023']}",4,"{'LOC': ['Nyamis', 'Nyamisozi', 'Mukundwa'], 'DATE': ['2023']}",4
01_answer.json,1,"{'PER': ['Bwana Rutaremara', 'Bwana', 'Rutaremara']}",3,"{'PER': ['Bwana Rutaremara', 'Bwana', 'Rutaremara']}",3
01_answer.json,2,"{'PER': ['Bwana Manzi'], 'LOC': ['Karisi']}",2,"{'PER': ['Bwana Manzi'], 'LOC': ['Karisi']}",2
01_answer.json,3,"{'PER': ['Nkurunziza', 'Bwana', 'Habimana Jean Claude', 'Bwana Habimana'], 'ORG': ['Minisiteri y’Iterambere n’Imari'], 'DATE': ['Nzeri']}",6,"{'PER': ['Nkurunziza', 'Bwana', 'Habimana Jean Claude', 'Bwana Habimana'], 'ORG': ['Minisiteri y’Iterambere n’Imari'], 'DATE': ['Nzeri']}",6
01_answer.json,4,"{'PER': ['Bwana Karangwa Emmanuel', 'Bwana Karangwa'], 'LOC': ['Karindara']}",3,"{'PER': ['Bwana Karangwa Emmanuel', 'Bwana Karangwa'], 'LOC': ['Karindara']}",3
01_answer.json,5,"{'PER': ['Karangwa Jean Bosco', 'Karangwa', 'me Mukamana Claudine'], 'LOC': ['ville', 'Kigali']}",5,"{'PER': ['Karangwa Jean Bosco', 'Karangwa', 'me Mukamana Claudine'], 'LOC': ['ville', 'Kigali']}",5
01_answer.json,6,"{'PER': ['Bwana Imanzi Kalinga', 'Kalinga', 'Alina Mbaraga', 'Bwana Kalinga'], 'LOC': ['Zamunda'], 'DATE': ['zi kwa muna']}",6,"{'PER': ['Bwana Imanzi Kalinga', 'Kalinga', 'Alina Mbaraga', 'Bwana Kalinga'], 'LOC': ['Zamunda'], 'DATE': ['zi kwa muna']}",6
01_answer.json,7,"{'PER': ['Bwana', 'Nsabimana Jean-Claude', 'Nsabimana', 'Bwana Nsabimana']}",4,"{'PER': ['Bwana', 'Nsabimana Jean-Claude', 'Nsabimana', 'Bwana Nsabimana']}",4
01_answer.json,8,"{'PER': ['Bwana Karangwa', 'Irakoze'], 'LOC': ['Kororombiya'], 'ORG': ['Minisiteri y’Ubutabera']}",4,"{'PER': ['Bwana Karangwa', 'Irakoze'], 'LOC': ['Kororombiya'], 'ORG': ['Minisiteri y’Ubutabera']}",4
01_answer.json,9,"{'PER': ['Bwana Ntwali'], 'LOC': ['Rwanda']}",2,"{'PER': ['Bwana Ntwali'], 'LOC': ['Rwanda']}",2
01_answer.json,10,"{'PER': ['Bwana Mugenzi'], 'LOC': ['Kigali'], 'ORG': ['Polisi y’u Rwanda']}",3,"{'PER': ['Bwana Mugenzi'], 'LOC': ['Kigali'], 'ORG': ['Polisi y’u Rwanda']}",3
18_answer.json,1,"{'LOC': ['Nyabike', 'Rwanda', 'Gasore', 'Gas', 'Nyabikere']}",5,"{'LOC': ['Nyabike', 'Rwanda', 'Gasore', 'Gas', 'Nyabikere']}",5
18_answer.json,2,"{'PER': ['san', 'Bwana Mugisha'], 'LOC': ['Kigali'], 'DATE': ['uyu mwaka']}",5,"{'PER': ['san', 'Bwana Mugisha'], 'LOC': ['Kigali'], 'DATE': ['uyu mwaka']}",4
18_answer.json,3,"{'PER': ['Kalisa', 'Kali']}",3,"{'PER': ['Kalisa', 'Kali']}",2
18_answer.json,4,"{'PER': ['Kamanzi'], 'LOC': ['Mabali']}",2,"{'PER': ['Kamanzi'], 'LOC': ['Mabali']}",2
18_answer.json,5,"{'PER': ['Japhet'], 'LOC': ['Kanyamumbogo', 'Kanyamumbo', 'Amerika'], 'DATE': ['Nyakanga']}",6,"{'PER': ['Japhet'], 'LOC': ['Kanyamumbogo', 'Kanyamumbo', 'Amerika'], 'DATE': ['Nyakanga']}",5
18_answer.json,6,"{'PER': ['Kamanzi. Kamanzi', 'Kamanzi']}",2,"{'PER': ['Kamanzi. Kamanzi', 'Kamanzi']}",2
18_answer.json,7,"{'PER': ['Karangwa Samuel', 'Kara', 'Karangwa'], 'LOC': ['Nyabizaro', 'Nya']}",5,"{'PER': ['Karangwa Samuel', 'Kara', 'Karangwa'], 'LOC': ['Nyabizaro', 'Nya']}",5
18_answer.json,8,"{'PER': ['Habimana Jean', 'Habimana'], 'LOC': ['Kigali', 'Rugunga', 'Rwibut', 'Rwanda', 'Canada'], 'ORG': ['Radiyo y’Igihugu', 'YouTube'], 'DATE': ['15 Ukwakira 2023', 'yine']}",11,"{'PER': ['Habimana Jean', 'Habimana'], 'LOC': ['Kigali', 'Rugunga', 'Rwibut', 'Rwanda', 'Canada'], 'ORG': ['Radiyo y’Igihugu', 'YouTube'], 'DATE': ['15 Ukwakira 2023', 'yine']}",11
18_answer.json,9,"{'PER': ['Kamanzi'], 'LOC': ['Bumisagara']}",2,"{'PER': ['Kamanzi'], 'LOC': ['Bumisagara']}",2
18_answer.json,10,"{'PER': ['Buhoro Ndihangana'], 'LOC': ['Buhoro']}",2,"{'PER': ['Buhoro Ndihangana'], 'LOC': ['Buhoro']}",2
04_answer.json,1,"{'PER': ['Rugabiro I'], 'LOC': ['Kizima', 'zima']}",4,"{'PER': ['Rugabiro I'], 'LOC': ['Kizima', 'zima']}",3
04_answer.json,2,"{'PER': ['Mwendozi', 'Rugara IV'], 'LOC': ['Mwendozi', 'Karikazi', 'Nyanziana']}",5,"{'PER': ['Mwendozi', 'Rugara IV'], 'LOC': ['Mwendozi', 'Karikazi', 'Nyanziana']}",5
04_answer.json,3,"{'PER': ['Nyamibanda', 'tatu'], 'LOC': ['Afrika', 'Gisenyi']}",6,"{'PER': ['Nyamibanda', 'tatu'], 'LOC': ['Afrika', 'Gisenyi']}",4
04_answer.json,4,"{'PER': ['Kazuliah'], 'LOC': ['Afrika'], 'DATE': ['1980']}",3,"{'PER': ['Kazuliah'], 'LOC': ['Afrika'], 'DATE': ['1980']}",3
04_answer.json,5,"{'PER': ['mbe', 'Kibumbe', 'Gahunda wa Rutagamba'], 'LOC': ['Nyafurika', 'Kibumbe', 'majyambere'], 'DATE': ['1994']}",10,"{'PER': ['mbe', 'Kibumbe', 'Gahunda wa Rutagamba'], 'LOC': ['Nyafurika', 'Kibumbe', 'majyambere'], 'DATE': ['1994']}",7
04_answer.json,6,"{'PER': ['Rwabugiri'], 'LOC': ['Burindistan', 'Bur'], 'DATE': ['kinyejana cya 21,']}",4,"{'PER': ['Rwabugiri'], 'LOC': ['Burindistan', 'Bur'], 'DATE': ['kinyejana cya 21,']}",4
04_answer.json,7,"{'PER': ['Eldoria', 'Arkelion'], 'LOC': ['Eldoria']}",5,"{'PER': ['Eldoria', 'Arkelion'], 'LOC': ['Eldoria']}",3
04_answer.json,8,"{'PER': ['Veridiana', 'Kavidara wa III', 'Norendi'], 'LOC': ['Afurika'], 'DATE': ['1934']}",5,"{'PER': ['Veridiana', 'Kavidara wa III', 'Norendi'], 'LOC': ['Afurika'], 'DATE': ['1934']}",5
04_answer.json,9,"{'LOC': ['Afurika', 'Gitwana', 'wana', 'Agahoz', ""Afurika y'Uburasirazuba""]}",6,"{'LOC': ['Afurika', 'Gitwana', 'wana', 'Agahoz', ""Afurika y'Uburasirazuba""]}",5
04_answer.json,10,"{'PER': ['Eldoria', 'ria', 'Arlen', 'Call', 'Aureli'], 'LOC': ['Arcadia']}",8,"{'PER': ['Eldoria', 'ria', 'Arlen', 'Call', 'Aureli'], 'LOC': ['Arcadia']}",6
11_answer.json,1,"{'PER': ['Jean-Paul Nkusi', 'Nkusi', 'Jean-Paul'], 'DATE': ['kwa Kamena 2023', '15 Gicurasi 2023', '22 Kamena']}",6,"{'PER': ['Jean-Paul Nkusi', 'Nkusi', 'Jean-Paul'], 'DATE': ['kwa Kamena 2023', '15 Gicurasi 2023', '22 Kamena']}",6
11_answer.json,2,"{'PER': ['Eugene Ndayishimiye', 'Eugene'], 'LOC': ['Nyamirambo', 'Kinyarwa']}",4,"{'PER': ['Eugene Ndayishimiye', 'Eugene'], 'LOC': ['Nyamirambo', 'Kinyarwa']}",4
11_answer.json,3,"{'PER': ['Bosco Ndayambaje', 'Bosco'], 'LOC': ['Karindi'], 'ORG': ['Karindi News Network', 'KNN']}",5,"{'PER': ['Bosco Ndayambaje', 'Bosco'], 'LOC': ['Karindi'], 'ORG': ['Karindi News Network', 'KNN']}",5
11_answer.json,4,"{'PER': ['Jacob Mwanza', 'Jacob'], 'LOC': ['Nirandam', 'Pasifika', 'Lumanga'], 'DATE': ['23 Ukwakira']}",6,"{'PER': ['Jacob Mwanza', 'Jacob'], 'LOC': ['Nirandam', 'Pasifika', 'Lumanga'], 'DATE': ['23 Ukwakira']}",6
11_answer.json,5,"{'PER': ['Kanyarwanda Rubona', 'Kanyar']}",3,"{'PER': ['Kanyarwanda Rubona', 'Kanyar']}",2
11_answer.json,6,"{'PER': ['Adeline Mukamana', 'Adeline'], 'LOC': ['Karibu', 'Kugaragara'], 'ORG': ['Inteko Ishinga Amategeko', 'Reporters Without Borders']}",7,"{'PER': ['Adeline Mukamana', 'Adeline'], 'LOC': ['Karibu', 'Kugaragara'], 'ORG': ['Inteko Ishinga Amategeko', 'Reporters Without Borders']}",6
11_answer.json,7,"{'PER': ['Jean-Paul Mugenzi', 'Jean-Paul']}",2,"{'PER': ['Jean-Paul Mugenzi', 'Jean-Paul']}",2
11_answer.json,8,"{'PER': ['Karangwa Jean-Paul', 'Karangwa'], 'LOC': ['Rwimiya', 'Karubanda', 'shinja']}",5,"{'PER': ['Karangwa Jean-Paul', 'Karangwa'], 'LOC': ['Rwimiya', 'Karubanda', 'shinja']}",5
11_answer.json,9,"{'PER': ['Alex Ndayisaba', 'Alex'], 'LOC': ['Karanda'], 'ORG': ['Karanda Independent']}",4,"{'PER': ['Alex Ndayisaba', 'Alex'], 'LOC': ['Karanda'], 'ORG': ['Karanda Independent']}",4
11_answer.json,10,"{'PER': ['Samuel Gatete', 'Bwana Gatete', 'Gatete'], 'LOC': ['Karindiza'], 'DATE': ['umwer', 'itanu', ""saa sita z'amanywa""]}",7,"{'PER': ['Samuel Gatete', 'Bwana Gatete', 'Gatete'], 'LOC': ['Karindiza'], 'DATE': ['umwer', 'itanu', ""saa sita z'amanywa""]}",7
23_answer.json,1,"{'PER': ['Jean-Pierre Mugisha', 'Eric Nshimiyimana', 'Jacques Mugenzi'], 'LOC': ['Sitade ya Kigali', 'Rwanda', 'Gas', 'Kiy'], 'ORG': ['Gasogi United', 'Kiyovu Sports', 'ogi'], 'DATE': ['14 Ukwakira 2023']}",11,"{'PER': ['Jean-Pierre Mugisha', 'Eric Nshimiyimana', 'Jacques Mugenzi'], 'LOC': ['Sitade ya Kigali', 'Rwanda', 'Gas', 'Kiy'], 'ORG': ['Gasogi United', 'Kiyovu Sports', 'ogi'], 'DATE': ['14 Ukwakira 2023']}",11
23_answer.json,2,"{'LOC': ['Stade Amahoro', 'Kigali', 'Rwanda'], 'ORG': ['Rayon Sports', 'APR FC', 'FERWAFA'], 'DATE': ['uyu wa Gatandatu ushize']}",8,"{'LOC': ['Stade Amahoro', 'Kigali', 'Rwanda'], 'ORG': ['Rayon Sports', 'APR FC', 'FERWAFA'], 'DATE': ['uyu wa Gatandatu ushize']}",7
23_answer.json,3,"{'LOC': ['Stade Amahoro'], 'ORG': ['Kigali Heroes FC', 'Nyamirambo Titans FC'], 'DATE': [""uyu wa Gatandatu w'icyumweru g""]}",5,"{'LOC': ['Stade Amahoro'], 'ORG': ['Kigali Heroes FC', 'Nyamirambo Titans FC'], 'DATE': [""uyu wa Gatandatu w'icyumweru g""]}",4
23_answer.json,4,"{'PER': ['Gas', 'Mugisha Jean Paul', 'Niyonzima Olivier'], 'LOC': ['Kigali', 'Rwanda'], 'ORG': ['Gasogi United', 'APR FC', 'ogi', 'APR'], 'DATE': [""Ku wa Gatandatu w'icyumweru gishize""]}",11,"{'PER': ['Gas', 'Mugisha Jean Paul', 'Niyonzima Olivier'], 'LOC': ['Kigali', 'Rwanda'], 'ORG': ['Gasogi United', 'APR FC', 'ogi', 'APR'], 'DATE': [""Ku wa Gatandatu w'icyumweru gishize""]}",10
23_answer.json,5,"{'LOC': ['Kigali', 'maj'], 'DATE': ['ku wa Gatandatu']}",3,"{'LOC': ['Kigali', 'maj'], 'DATE': ['ku wa Gatandatu']}",3
23_answer.json,6,{'LOC': ['Stade Amahoro']},1,{'LOC': ['Stade Amahoro']},1
23_answer.json,7,"{'LOC': ['Kigali', 'Sitade Amahoro'], 'ORG': ['Intare FC', 'Ingoma United'], 'DATE': ['ku wa Gatandatu', 'kuwa 14 Ukwakira 2023']}",6,"{'LOC': ['Kigali', 'Sitade Amahoro'], 'ORG': ['Intare FC', 'Ingoma United'], 'DATE': ['ku wa Gatandatu', 'kuwa 14 Ukwakira 2023']}",6
23_answer.json,8,{},0,{},0
23_answer.json,9,"{'LOC': ['Stade Nkunda'], 'ORG': ['Gasare FC', 'Intare United', 'VAR', 'Polisi']}",5,"{'LOC': ['Stade Nkunda'], 'ORG': ['Gasare FC', 'Intare United', 'VAR', 'Polisi']}",5
23_answer.json,10,"{'LOC': ['Amahoro', 'Burayi'], 'ORG': ['""Intare FC', 'Ingogo United', 'Intare FC', 'Polisi']}",8,"{'LOC': ['Amahoro', 'Burayi'], 'ORG': ['""Intare FC', 'Ingogo United', 'Intare FC', 'Polisi']}",6
20_answer.json,1,"{'LOC': ['Karindir', 'Kwi', 'Kwizera', 'Karindiro']}",4,"{'LOC': ['Karindir', 'Kwi', 'Kwizera', 'Karindiro']}",4
20_answer.json,2,"{'LOC': ['Nyantanga', 'Nya']}",2,"{'LOC': ['Nyantanga', 'Nya']}",2
20_answer.json,3,"{'PER': ['Karenzi Mbogo'], 'ORG': ['Rimaginary']}",2,"{'PER': ['Karenzi Mbogo'], 'ORG': ['Rimaginary']}",2
20_answer.json,4,{},1,{},0
20_answer.json,5,"{'LOC': ['bantania'], 'ORG': [""Minisiteri y'Umuco n'Itangazama""], 'DATE': ['15 Ukwakira']}",4,"{'LOC': ['bantania'], 'ORG': [""Minisiteri y'Umuco n'Itangazama""], 'DATE': ['15 Ukwakira']}",3
20_answer.json,6,"{'PER': ['Jean-Paul Nahimana', 'Aline Uwizeye'], 'LOC': ['gali', 'Rwanda'], 'DATE': ['15 Ukwakira']}",6,"{'PER': ['Jean-Paul Nahimana', 'Aline Uwizeye'], 'LOC': ['gali', 'Rwanda'], 'DATE': ['15 Ukwakira']}",5
20_answer.json,7,"{'LOC': ['Kawanzaland'], 'ORG': ['Minisiteri y’Umuco']}",2,"{'LOC': ['Kawanzaland'], 'ORG': ['Minisiteri y’Umuco']}",2
20_answer.json,8,"{'PER': ['Mizero Samuragwa'], 'LOC': ['Nyiraneza'], 'ORG': ['Nyiraneza Films']}",3,"{'PER': ['Mizero Samuragwa'], 'LOC': ['Nyiraneza'], 'ORG': ['Nyiraneza Films']}",3
20_answer.json,9,"{'LOC': ['Nyamirambo', 'Mataba']}",2,"{'LOC': ['Nyamirambo', 'Mataba']}",2
20_answer.json,10,"{'LOC': ['Korutanzi', 'Korutan']}",2,"{'LOC': ['Korutanzi', 'Korutan']}",2
12_answer.json,1,{'PER': ['Kanyar']},1,{'PER': ['Kanyar']},1
12_answer.json,2,"{'PER': ['Komini Gatisibo'], 'ORG': [""y'Igihu""], 'DATE': ['1998']}",3,"{'PER': ['Komini Gatisibo'], 'ORG': [""y'Igihu""], 'DATE': ['1998']}",3
12_answer.json,3,"{'PER': ['Rwamayaga'], 'LOC': ['Rwamayaga', 'Amajyaruguru Yambukiranya Nyabarongo'], 'DATE': ['2023']}",5,"{'PER': ['Rwamayaga'], 'LOC': ['Rwamayaga', 'Amajyaruguru Yambukiranya Nyabarongo'], 'DATE': ['2023']}",4
12_answer.json,4,{'LOC': ['Kijyambere']},1,{'LOC': ['Kijyambere']},1
12_answer.json,5,"{'PER': ['Nya'], 'LOC': ['Nyumundswi', 'munds']}",5,"{'PER': ['Nya'], 'LOC': ['Nyumundswi', 'munds']}",3
12_answer.json,6,{},0,{},0
12_answer.json,7,{'LOC': ['Ngirwa']},1,{'LOC': ['Ngirwa']},1
12_answer.json,8,"{'PER': ['Kayita', 'Kay', 'Kamurinda'], 'LOC': ['Kiremera'], 'DATE': ['1987']}",5,"{'PER': ['Kayita', 'Kay', 'Kamurinda'], 'LOC': ['Kiremera'], 'DATE': ['1987']}",5
12_answer.json,9,"{'LOC': ['Nyamurembo', 'Kinyarur', 'Banyamwit']}",3,"{'LOC': ['Nyamurembo', 'Kinyarur', 'Banyamwit']}",3
12_answer.json,10,"{'LOC': ['Nyamurinda', 'Kirehe'], 'DATE': ['1987']}",3,"{'LOC': ['Nyamurinda', 'Kirehe'], 'DATE': ['1987']}",3
07_answer.json,1,"{'PER': ['Alex Nkubito', 'Bwana Nkubito'], 'LOC': ['Karibanda'], 'DATE': ['2022', 'kwe', 'kwa', 'Gashyantare 2023']}",7,"{'PER': ['Alex Nkubito', 'Bwana Nkubito'], 'LOC': ['Karibanda'], 'DATE': ['2022', 'kwe', 'kwa', 'Gashyantare 2023']}",7
07_answer.json,2,"{'PER': ['Karoli Nshimiyimana', 'Nshimiyimana'], 'LOC': ['Rwanda', 'Kigali', 'gali'], 'DATE': ['2023', '2021', 'Werurwe']}",9,"{'PER': ['Karoli Nshimiyimana', 'Nshimiyimana'], 'LOC': ['Rwanda', 'Kigali', 'gali'], 'DATE': ['2023', '2021', 'Werurwe']}",8
07_answer.json,3,"{'PER': ['Emmanuel Hakizimana', 'Bwana', 'Hakizimana'], 'DATE': [""kwezi k'Ukwakira umwaka"", '2023']}",5,"{'PER': ['Emmanuel Hakizimana', 'Bwana', 'Hakizimana'], 'DATE': [""kwezi k'Ukwakira umwaka"", '2023']}",5
07_answer.json,4,"{'PER': ['Mfuranzima Mvura', 'Général', 'Mfuranzima'], 'LOC': ['Munt', 'Nyamivugo', 'majyaruguru y’']}",7,"{'PER': ['Mfuranzima Mvura', 'Général', 'Mfuranzima'], 'LOC': ['Munt', 'Nyamivugo', 'majyaruguru y’']}",6
07_answer.json,5,"{'PER': ['Bwana Kagabo'], 'LOC': ['suku'], 'DATE': ['2020']}",4,"{'PER': ['Bwana Kagabo'], 'LOC': ['suku'], 'DATE': ['2020']}",3
07_answer.json,6,"{'PER': ['Samweli Ntaganda', 'Ntaganda'], 'LOC': ['Nyamirambo']}",3,"{'PER': ['Samweli Ntaganda', 'Ntaganda'], 'LOC': ['Nyamirambo']}",3
07_answer.json,7,"{'PER': ['Jean-Paul Ndashimye', 'Bwana', 'Ndashimye', 'Bwana Ndashimye', 'Alice Mukamana'], 'LOC': ['Kigali'], 'DATE': ['12 Kanama 2023']}",7,"{'PER': ['Jean-Paul Ndashimye', 'Bwana', 'Ndashimye', 'Bwana Ndashimye', 'Alice Mukamana'], 'LOC': ['Kigali'], 'DATE': ['12 Kanama 2023']}",7
07_answer.json,8,"{'PER': ['Kalisa Nduwayezu Icy', 'Kalisa Nduwayezu', 'Kalisa'], 'LOC': ['Kivu']}",4,"{'PER': ['Kalisa Nduwayezu Icy', 'Kalisa Nduwayezu', 'Kalisa'], 'LOC': ['Kivu']}",4
07_answer.json,9,"{'PER': ['Bwana Innocent Nzabandora', 'Bwana Nzabandora', 'Jean Mugisha'], 'LOC': ['Munt', 'Kigali'], 'DATE': ['Nyakanga', '2023', 'Mu cyumweru cya mbere cy']}",9,"{'PER': ['Bwana Innocent Nzabandora', 'Bwana Nzabandora', 'Jean Mugisha'], 'LOC': ['Munt', 'Kigali'], 'DATE': ['Nyakanga', '2023', 'Mu cyumweru cya mbere cy']}",8
07_answer.json,10,"{'PER': ['Jean-Claude Nshimiyimana', 'Nshimiyimana', 'Claire Mukamwezi']}",3,"{'PER': ['Jean-Claude Nshimiyimana', 'Nshimiyimana', 'Claire Mukamwezi']}",3
02_answer.json,1,"{'PER': ['Rurambiranwa', 'Iyamarwa', 'Mum'], 'LOC': ['Mum', 'Kabarara'], 'ORG': ['Polisi'], 'DATE': ['kwa', 'Munani umwaka ushize']}",9,"{'PER': ['Rurambiranwa', 'Iyamarwa', 'Mum'], 'LOC': ['Mum', 'Kabarara'], 'ORG': ['Polisi'], 'DATE': ['kwa', 'Munani umwaka ushize']}",8
02_answer.json,2,"{'PER': ['Mika Ntamwumba', 'Evelyne Uwase', 'Samson Mutangan'], 'DATE': ['2023']}",4,"{'PER': ['Mika Ntamwumba', 'Evelyne Uwase', 'Samson Mutangan'], 'DATE': ['2023']}",4
02_answer.json,3,"{'PER': ['Bwana Mugabe', 'Niyonsenga'], 'LOC': ['Kimenyi', 'Nyamirambo'], 'DATE': ['Uyu mwaka']}",5,"{'PER': ['Bwana Mugabe', 'Niyonsenga'], 'LOC': ['Kimenyi', 'Nyamirambo'], 'DATE': ['Uyu mwaka']}",5
02_answer.json,4,"{'PER': ['Manzi Jean-Paul', 'Uwase Aline.', 'Manzi'], 'LOC': ['Kinyarukundo'], 'DATE': ['2025']}",5,"{'PER': ['Manzi Jean-Paul', 'Uwase Aline.', 'Manzi'], 'LOC': ['Kinyarukundo'], 'DATE': ['2025']}",5
02_answer.json,5,"{'PER': ['Mussa Kamana', 'Immaculée Ntamuhanga', 'Mussa', 'Ntamuhanga'], 'LOC': ['Kiramira'], 'ORG': ['PRP (', 'Parti du Renouveau Populaire'], 'DATE': ['2023']}",8,"{'PER': ['Mussa Kamana', 'Immaculée Ntamuhanga', 'Mussa', 'Ntamuhanga'], 'LOC': ['Kiramira'], 'ORG': ['PRP (', 'Parti du Renouveau Populaire'], 'DATE': ['2023']}",8
02_answer.json,6,"{'PER': ['Katabazi'], 'LOC': ['Nkundabandi', 'Gikundi', 'Kibiri', 'Kimiron']}",5,"{'PER': ['Katabazi'], 'LOC': ['Nkundabandi', 'Gikundi', 'Kibiri', 'Kimiron']}",5
02_answer.json,7,"{'PER': ['Tuvugimana Kazungu', 'me Ingabire Agnes', 'Ingabire'], 'LOC': ['Heruwo', 'Ingabir'], 'ORG': ['Komisiyo y’Igihugu y’Amatora'], 'DATE': ['ku ya 12 Ukwakira']}",8,"{'PER': ['Tuvugimana Kazungu', 'me Ingabire Agnes', 'Ingabire'], 'LOC': ['Heruwo', 'Ingabir'], 'ORG': ['Komisiyo y’Igihugu y’Amatora'], 'DATE': ['ku ya 12 Ukwakira']}",7
02_answer.json,8,"{'PER': ['Michel Ntibarikure', 'Robert Mugwaneza', 'Bwana Ntibarikure', 'Bwana Mugwaneza'], 'LOC': ['Republika ya Nyamiriyango', 'Nyamiriyango'], 'ORG': ['Demokarasi Iharanira Amahoro', 'DIA', ""Imbaraga z'Abaturage"", 'IZA'], 'DATE': ['15 Ukuboza', '16 Ukuboza']}",12,"{'PER': ['Michel Ntibarikure', 'Robert Mugwaneza', 'Bwana Ntibarikure', 'Bwana Mugwaneza'], 'LOC': ['Republika ya Nyamiriyango', 'Nyamiriyango'], 'ORG': ['Demokarasi Iharanira Amahoro', 'DIA', ""Imbaraga z'Abaturage"", 'IZA'], 'DATE': ['15 Ukuboza', '16 Ukuboza']}",12
02_answer.json,9,"{'PER': ['Bwana Kamali', 'Kamal', 'Mada', 'Nkurikiye'], 'LOC': ['Karindera']}",5,"{'PER': ['Bwana Kamali', 'Kamal', 'Mada', 'Nkurikiye'], 'LOC': ['Karindera']}",5
02_answer.json,10,"{'PER': ['Simon Mbabazi', 'Mbabazi', 'Adeline Murigande'], 'LOC': ['Kayonza'], 'DATE': ['tora y’uyu mwaka']}",5,"{'PER': ['Simon Mbabazi', 'Mbabazi', 'Adeline Murigande'], 'LOC': ['Kayonza'], 'DATE': ['tora y’uyu mwaka']}",5
17_answer.json,1,"{'PER': ['Amara Ndizeye', 'Amar', 'a Ndizeye'], 'LOC': ['Rwanda', 'Kigali', 'Amerika', 'Amar']}",7,"{'PER': ['Amara Ndizeye', 'Amar', 'a Ndizeye'], 'LOC': ['Rwanda', 'Kigali', 'Amerika', 'Amar']}",7
17_answer.json,2,"{'PER': ['Kiza Muntu', 'Kiza'], 'LOC': ['Huy', 'Rwanda']}",6,"{'PER': ['Kiza Muntu', 'Kiza'], 'LOC': ['Huy', 'Rwanda']}",4
17_answer.json,3,"{'PER': ['Kayizari. Kayizar', 'Kayizar', 'Kayizari'], 'LOC': ['Ngirimata', 'Gicu']}",5,"{'PER': ['Kayizari. Kayizar', 'Kayizar', 'Kayizari'], 'LOC': ['Ngirimata', 'Gicu']}",5
17_answer.json,4,"{'PER': ['Aline Uwase', 'Aline'], 'LOC': ['Kigali', 'Rwanda', 'furika y’Iburasirazuba']}",6,"{'PER': ['Aline Uwase', 'Aline'], 'LOC': ['Kigali', 'Rwanda', 'furika y’Iburasirazuba']}",5
17_answer.json,5,"{'PER': ['Kimenyi Alexis'], 'LOC': ['Rwanda'], 'ORG': ['Afrobeat']}",3,"{'PER': ['Kimenyi Alexis'], 'LOC': ['Rwanda'], 'ORG': ['Afrobeat']}",3
17_answer.json,6,"{'PER': ['Aimé Nkurunziza', 'mé Nkurunziza', 'Aimé', 'duye Ama'], 'LOC': ['Kigali', 'man', 'Nyanza', 'gali'], 'DATE': ['uyu mwaka']}",12,"{'PER': ['Aimé Nkurunziza', 'mé Nkurunziza', 'Aimé', 'duye Ama'], 'LOC': ['Kigali', 'man', 'Nyanza', 'gali'], 'DATE': ['uyu mwaka']}",9
17_answer.json,7,"{'PER': ['Amélie A', 'Léopold Sédar Senghor', 'mélie A', 'Sean Kingston', 'Angelique Kidjo', 'Amélie Amani'], 'LOC': ['Afurika', 'Dakar', 'Senegal', ""Côte d'Ivoire"", 'Jamaica', 'Burundi'], 'ORG': ['Afrobeat'], 'DATE': ['Kamena 2023']}",14,"{'PER': ['Amélie A', 'Léopold Sédar Senghor', 'mélie A', 'Sean Kingston', 'Angelique Kidjo', 'Amélie Amani'], 'LOC': ['Afurika', 'Dakar', 'Senegal', ""Côte d'Ivoire"", 'Jamaica', 'Burundi'], 'ORG': ['Afrobeat'], 'DATE': ['Kamena 2023']}",14
17_answer.json,8,"{'PER': ['Kizito Mwene Mugenzi'], 'LOC': ['Kigali', 'Rwanda'], 'DATE': ['kuva mu 2010,']}",4,"{'PER': ['Kizito Mwene Mugenzi'], 'LOC': ['Kigali', 'Rwanda'], 'DATE': ['kuva mu 2010,']}",4
17_answer.json,9,"{'PER': ['Karengera Harerimana', 'Har', 'Harerimana'], 'LOC': ['Nya'], 'DATE': ['Gicurasi']}",5,"{'PER': ['Karengera Harerimana', 'Har', 'Harerimana'], 'LOC': ['Nya'], 'DATE': ['Gicurasi']}",5
17_answer.json,10,"{'PER': ['Kwizera Melodie', 'Kwizera', 'Jacob Collier', 'Angelique Kidjo'], 'LOC': ['Rwanda', 'Afurika', 'Kigali'], 'ORG': ['MTV Africa Music Awards', 'MBWERA'], 'DATE': ['2025']}",10,"{'PER': ['Kwizera Melodie', 'Kwizera', 'Jacob Collier', 'Angelique Kidjo'], 'LOC': ['Rwanda', 'Afurika', 'Kigali'], 'ORG': ['MTV Africa Music Awards', 'MBWERA'], 'DATE': ['2025']}",10
