json_file,story_id,ner_tagging,number_of_ner_tags
22_answer.json,1,"{'ORG': ['Oakridge Academy', 'Zenith', 'Apollo', 'Robot'], 'MISC': ['Robotics Championship'], 'PER': ['Julian', 'Aria', 'Sam', 'Mia', 'Principal', 'Foster']}",11
22_answer.json,2,"{'ORG': ['Riverside Rangers', 'Emerald Eagles', 'Rangers', 'Emerald', 'Eagles'], 'PER': ['Jake Hendricks', 'Malcolm Grant', 'Jake', 'Sarah']}",9
22_answer.json,3,"{'LOC': ['New Haven'], 'MISC': ['Tech Olympiad'], 'ORG': ['Team Zephyr', 'Athena'], 'PER': ['Liam', 'Mia', 'A', '##rjun', 'Zoe', 'Langston', 'Z', 'Lang']}",12
22_answer.json,4,"{'LOC': ['C', '##restwyn'], 'MISC': ['Summit e', '##ports Championship', 'Summit Cup'], 'ORG': ['##S', 'Obsidian Vanguard', 'Red Dragons', 'Ta', 'O', 'Vanguard', 'Summit'], 'PER': ['Alex', 'Mira', 'Ta', '##q', 'Jess', 'Leo']}",18
22_answer.json,5,"{'MISC': ['Shadows', 'Glory', 'Tech', 'Championship'], 'ORG': ['of', '##Sphere', 'Team Synapse', 'TechSphere', 'El'], 'LOC': ['Eldoria'], 'PER': ['Lila Morgan']}",11
22_answer.json,6,"{'LOC': ['Riverton'], 'MISC': ['TechQuest Championship'], 'ORG': ['NovaTech Titans', 'Titans', 'TechQuest Committee', 'Committee'], 'PER': ['Alex', 'Mia', 'Sam', 'Jordan', 'Taylor', 'Clara Hughes']}",12
22_answer.json,7,"{'LOC': ['Pine Valley'], 'MISC': ['Pine Valley Cup'], 'ORG': ['Pine Valley Spartans', 'Spartans', 'Riverside Hawks', 'Pine Valley High'], 'PER': ['Jake Thompson', 'Marshall', 'Daisy Chen', 'Daisy', 'Watkins', 'Pete', 'Larson']}",13
22_answer.json,8,"{'ORG': ['Maris', 'Team Quantum', 'Solaris High School', 'Arcus', 'B', '##iomechanics', 'Riverton Academy', 'Arc', 'Quantum', 'Mira', 'Jordan'], 'LOC': ['##ol'], 'MISC': ['International Robotics Championship'], 'PER': ['Alex Chen', 'Mira', 'Jordan', 'R', '##hea', 'Alex']}",19
22_answer.json,9,"{'LOC': ['Eastville', 'East'], 'MISC': ['Inter - Regional Robotics Championship'], 'ORG': ['Eastville High', 'Tech Titans', 'At', 'Atom', 'High', 'Titans', 'Turner', 'Tech'], 'PER': ['Sarah', 'Malik', 'P', '##riya', 'Aiden', 'Emily', 'At']}",18
22_answer.json,10,"{'LOC': ['Riverton'], 'MISC': ['Riverton', '##ics Championship', 'The Hammerhead'], 'ORG': ['Robot', 'Riverton High', 'Riverton Raptors', 'Miller Valley', 'MV Mavericks', 'Miller Valley High', 'Raptors', 'Riverton', 'River', 'MV'], 'PER': ['Lawson']}",15
10_answer.json,1,"{'LOC': ['Metropolis'], 'PER': ['Luna Delac', 'Luna', 'Miguel'], 'ORG': ['Metropolis Green Movement', 'MGM', 'Metropolis', 'Clean', 'Future', 'Act']}",10
10_answer.json,2,"{'MISC': ['##ples of Change', 'Green A', '##kening', 'Greener Tomorrow', 'Green'], 'PER': ['Clara Jenkins', 'Clara'], 'LOC': ['Arborville', 'Arbor'], 'ORG': ['Green', 'Environmental']}",11
10_answer.json,3,"{'LOC': ['Veritas'], 'PER': ['Maya Alvarez', 'Maya'], 'ORG': ['Green Roots']}",4
10_answer.json,4,"{'MISC': ['Firefly', 's', '##ination', 'The Firefly March'], 'LOC': ['Novacrest'], 'PER': ['Maya Li', 'Maya'], 'ORG': ['Nova']}",8
10_answer.json,5,"{'LOC': ['Novalight'], 'PER': ['Lin', '##a Morales'], 'ORG': ['ClearSky', 'Novalight', 'Clear', 'Initiative']}",7
10_answer.json,6,"{'LOC': ['Nova Veritas'], 'PER': ['El', '##ara Finn', '##ara'], 'ORG': ['Homes for All'], 'MISC': ['Finn']}",6
10_answer.json,7,"{'LOC': ['Veridia', 'Ch', '##elan', 'Auroria'], 'PER': ['Ana', 'Vere'], 'ORG': ['Voice of the Earth', 'V', 'Green', 'Future', 'Initiative'], 'MISC': ['Green Tomorrow', 'Over Profits']}",13
10_answer.json,8,"{'MISC': ['Echo on the Winds'], 'LOC': ['Windmere', 'Wind'], 'PER': ['Ali', '##na Reyes'], 'ORG': ['Windmere Alliance for Sustainable Change']}",6
10_answer.json,9,"{'MISC': ['Echo of Change', 'of Silent Waters', 'Clean', '##Es'], 'PER': ['Lila Torres', 'Lila', 'Mateo'], 'LOC': ['Esperanza', 'Verd', '##ant Borough', 'City Hall'], 'ORG': ['##anza', 'Citizen', 'Coalition']}",14
10_answer.json,10,"{'LOC': ['Serenica', 'East Serenica', '##eni', 'Ser'], 'PER': ['Amar', 'El', 'Sa'], 'ORG': ['Voices for Change', 'Ser'], 'MISC': ['##cans']}",10
05_answer.json,1,"{'MISC': ['of a New Era', 'Iron Fist', 'of Dissent', '##ians', 'Silent Spring', '##er of Hope'], 'LOC': ['Solaria', 'Solar'], 'PER': ['Hector Varela', 'Varel', 'Amara Flores', 'Amar', 'Elias Moreno', 'Moreno', 'V']}",15
05_answer.json,2,"{'MISC': ['The', 'Dawn of Solara', 'Sun'], 'LOC': ['Aurelia', 'Solara', 'Pallas'], 'PER': ['Maximo Aurelius', 'El', '##ara', 'Maxim', 'Elara', 'Luca Veran', 'Luca'], 'ORG': ['Secret Police']}",14
05_answer.json,3,"{'MISC': ['Dawn of Solara', 'Solarians'], 'LOC': ['Solara', 'Eldergrove', 'Westport'], 'PER': ['Malik Ada', 'El', '##ara V', 'Elara', 'Mal Thorne', 'Ada', 'Ren', 'Calder'], 'ORG': ['Voice of Solara', 'El', 'Ada']}",16
05_answer.json,4,"{'MISC': ['Blue Horizon', 'The Dawn Charter', 'Dawn Charter'], 'LOC': ['Veri', '##dia', 'Veridia', 'Loria', 'Elderglen'], 'PER': ['Alari', '##c Dora', 'El', '##ara L', 'Dora'], 'ORG': ['International']}",14
05_answer.json,5,"{'MISC': ['of Change'], 'LOC': ['Veridonia', 'Aurelia'], 'PER': ['Alistair Drake', 'Drake', 'Lena Ko', 'Lena']}",7
05_answer.json,6,"{'MISC': ['See', 'of Dawn', 'through Unity'], 'LOC': ['Eastern Europa', 'Republic of', 'Veridonia', 'Londraville'], 'PER': ['Anton Dimitrov', 'Clara Veselin', 'Clara'], 'ORG': ['Alliance for Tomorrow', 'Unity']}",12
05_answer.json,7,"{'MISC': ['Dawn of A New Era', '##ulse of Freedom'], 'LOC': ['Solaria', 'Lumaria', 'V', '##ilarograd'], 'PER': ['Armandus Vila', 'El', '##ara Mendez', '##ara', 'Tomas'], 'ORG': ['The', 'Coalition', 'Justice', 'V']}",15
05_answer.json,8,"{'MISC': ['Dawn', 'National Unity Parade'], 'LOC': ['Varantia', 'Eastern Avoria', 'Nordhaven'], 'PER': ['Luther Ta', '##ros', 'Daniela Rojas', 'Daniel', 'Ta', 'Kai Nikolis'], 'ORG': ['The Varantian Voice', 'Ta', 'Choice']}",14
05_answer.json,9,"{'MISC': ['The Dawn of Aurora'], 'LOC': ['Auroria', 'Opal Sea', 'Au', 'Aurora'], 'PER': ['Marcus Voss', 'V', '##oss', 'El', '##ara Winters', '##ara'], 'ORG': ['##roria', 'El', 'Au']}",14
05_answer.json,10,"{'MISC': ['Echoes of Freedom'], 'LOC': ['Veridonia', 'Veridia'], 'PER': ['Ari', '##c Tavor', 'Elena Novak', 'Elena', 'Tavor', 'Ta', 'Sofia', 'V'], 'ORG': ['The Veridonian Voice']}",12
19_answer.json,1,"{'PER': ['Casey Rivera', 'Casey'], 'LOC': ['Portland', 'Oregon'], 'MISC': ['’ s', 'Together']}",6
19_answer.json,2,"{'LOC': ['Los Angeles'], 'PER': ['Sienna Reeves', 'Sienna'], 'ORG': ['Angeleno', 'SiennaF'], 'MISC': ['##C']}",6
19_answer.json,3,"{'PER': ['Zoe Moran', 'Zoe'], 'ORG': [""Zoe ' s World"", 'ZoeF', '##C']}",5
19_answer.json,4,"{'PER': ['Zoe Carter', 'Zoe'], 'MISC': ['Power of Us'], 'ORG': ['Community First']}",4
19_answer.json,5,"{'PER': ['Ali', '##na Rivers'], 'ORG': ['Green Future Party'], 'MISC': ['E', '##F']}",5
19_answer.json,6,"{'LOC': ['No', '##uveau City', 'Nouveau City'], 'PER': ['Ali', '##na Sun'], 'ORG': ['“', '##minous Living', '##R'], 'MISC': ['Nova', 'CityHack']}",10
19_answer.json,7,"{'PER': ['Lily Chen', 'Lily'], 'MISC': ['Cha', '##ians'], 'ORG': ['Light', 'Senate'], 'LOC': ['California']}",7
19_answer.json,8,"{'PER': ['Jade Rivera', 'Jade'], 'ORG': [""Jade ' s G""]}",3
19_answer.json,9,"{'LOC': ['Nuve', '##lia'], 'PER': ['Lila Connor', 'Lila'], 'ORG': ['N', '##uvelian City Council']}",6
19_answer.json,10,"{'PER': ['Lily Thompson', 'Lily', 'Thompson'], 'MISC': ['People', 'the People']}",5
09_answer.json,1,"{'MISC': ['Shadow Over'], 'LOC': ['Southport', 'Sunlight Boulevard', 'South'], 'PER': ['Harold Lincoln', 'Mayor Lincoln', 'Emily Carter', 'Lincoln', 'Emily', 'Oliver', 'Grant'], 'ORG': ['City Hall', 'Nexus Corp', 'Nexus', 'Sentinel']}",15
09_answer.json,2,"{'MISC': ['Shadows'], 'LOC': ['Over', 'Emerald City', 'Grand Meridian Hotel'], 'PER': ['Jonathan Carter', 'Carter', 'Mayor', 'Susan Martinez', 'Susan', 'Mayor Carter'], 'ORG': ['Blackstone Holdings', 'Blacks', 'Holdings']}",13
09_answer.json,3,"{'LOC': ['Shadows', 'Echo City'], 'PER': ['Thomas Whitmore', 'W', '##hitmore', 'Jessica Trent', 'Trent', 'Daniel Reyes', '##hit', 'Reyes'], 'ORG': ['Echo City Tribune', 'W', 'Ava', 'Industries', 'Para']}",15
09_answer.json,4,"{'ORG': ['Shadows Over Rivergate', 'Rivergate', 'River'], 'LOC': ['Rivergate'], 'PER': ['Mayor', 'Jonathan Keller', 'Mayor Keller', 'Laura Thompson', 'Laura', 'Keller']}",10
09_answer.json,5,"{'LOC': ['Riverton', 'River'], 'PER': ['Jonathan Cross', 'Cross', 'Kara Hammond', 'Kara', 'Mayor Cross'], 'ORG': ['Riverton Gazette', 'GenecaCorp', 'Cross']}",10
09_answer.json,6,"{'MISC': ['Shadows Over', 'Illusion of Progress', 'Surface'], 'LOC': ['Crescent City', 'City Hall'], 'PER': ['Henry', 'Hank', 'Goodwin', 'Claire Ramirez', 'Claire'], 'ORG': ['Crescent Horizons']}",11
09_answer.json,7,"{'ORG': ['Shadows Over', 'City', 'TechInfinity', 'GreenLife Developers', 'TechI', 'Green'], 'LOC': ['Arcadia', 'Arcadia Technology Park', 'Riverwalk', 'Hall'], 'PER': ['Jonathan Prescott', 'Prescott', 'Olivia Chen', 'Olivia']}",14
09_answer.json,8,"{'MISC': ['of Prosperity'], 'LOC': ['Greenfield'], 'PER': ['Mayor', 'Thomas Caldwell', 'Mayor Caldwell', 'Sarah Whitmore', 'Sarah'], 'ORG': ['The Greenfield Gazette', 'Green']}",9
09_answer.json,9,"{'MISC': ['Shadows of Power'], 'LOC': ['Eastgate City', 'Eastgate', 'East'], 'PER': ['Jonathan Pierce', 'Sarah Mitchell', 'Sarah', 'Mayor Pierce', 'Pierce'], 'ORG': ['Eastgate Gazette', 'Clarion Technologies', 'GreenWay Enterprises', 'Pinnacle Developments', 'C', 'Technologies', 'Pierce', 'Sarah', 'City', 'Sale', 'Cron', 'Co']}",21
09_answer.json,10,"{'LOC': ['Shadows', 'Ashbourne City', 'Ashbourne'], 'MISC': ['Citadel', 'AI'], 'PER': ['Harold Grayson', 'Grayson', 'Emily Rodriguez', 'Emily', 'Claire', 'Hastings'], 'ORG': ['The Ashbourne Voice', 'NovoTech Industries', 'NovoTech']}",14
15_answer.json,1,"{'LOC': ['Eldoria', 'Solancia', 'Temple of'], 'ORG': ['Eternal Light', 'Temple of Eternal Light', 'El'], 'PER': ['Father', 'Elias Marlow', 'Father Marlow', 'Clara Reyes', 'Clara']}",11
15_answer.json,2,"{'LOC': ['Sanctuary Heights', 'Ce', 'Sanctuary', '##tial Sanctuary'], 'ORG': ['##les', 'Ce', 'Sanctuary', 'News'], 'PER': ['Elijah Thompson', 'Reverend Thompson', 'Thompson']}",11
15_answer.json,3,"{'LOC': ['Veridara', 'Solstice Hall'], 'PER': ['Father Alari', 'Aiden Thrace', 'Aiden', 'Father'], 'ORG': ['Church of the Radiant Light', 'Hope Initiative', 'Veridara Times', 'Church', 'Al']}",11
15_answer.json,4,"{'MISC': ['S', '##tered Nimb'], 'LOC': ['##us', 'Sylvania', 'Lumina', '##r Temple', 'Syl', '##a', 'Luminar Temple'], 'ORG': ['Order of the Radiant Path', 'Council'], 'PER': ['Father Alari']}",12
15_answer.json,5,"{'MISC': ['of the Revered'], 'LOC': ['Veri', '##dia', 'Solace Cathedral'], 'PER': ['Ezra Caldwell', 'Ezra', 'Elise McKay', 'Elise', 'Dev'], 'ORG': ['Veridia Herald']}",10
15_answer.json,6,"{'PER': ['E', ""##amon O ' Shea"", '##amon', 'Eamon'], 'LOC': [""St. Jude ' s Cathedral"", 'St. Jude', 's']}",7
15_answer.json,7,"{'PER': ['Prophet', 'Eli', 'Li', '##ora Montez'], 'MISC': ['##eil'], 'LOC': ['Verdantia', 'Ce', 'Sanctuary', 'Verdanti'], 'ORG': ['Sanctuary']}",10
15_answer.json,8,"{'MISC': ['F', '##e Halo'], 'LOC': ['Starlight City', 'Angelica Cathedral'], 'PER': ['Jasper Holcroft', 'Ho', '##croft', ""Eleanor O ' Connor"", 'Reverend'], 'ORG': ['Angelica', 'Heart']}",11
15_answer.json,9,"{'LOC': ['Andalasia'], 'ORG': ['Temple of Light'], 'PER': ['Shepherd Eliam', 'Eli', 'Shepherd'], 'MISC': ['##o']}",6
15_answer.json,10,"{'LOC': ['Veridonia', 'Temple', 'Ra', '##vona'], 'PER': ['E', '##amon Elara', '##amon', 'Lana My', 'Lana', 'El', 'Ra'], 'MISC': ['F'], 'ORG': ['The Veridonia Ledger', 'National']}",14
16_answer.json,1,"{'LOC': ['Elmwood'], 'ORG': ['Elmwood Academy', 'Elm'], 'PER': ['Gerald Fenwick', 'Fenwick', 'Fen']}",6
16_answer.json,2,"{'LOC': ['Alderwood', 'St. Michael ’ s', '.'], 'ORG': ['St. Michael ’ s Academy', 'St', 'Michael ’ s Academy'], 'PER': ['Edmund Darnell', 'Darnell', 'Amelia Harper', 'Amelia', 'Dar']}",11
16_answer.json,3,"{'LOC': ['Willowbrook', 'Elmsley Manor'], 'ORG': ['Willowbrook Academy', 'Board of Trustees', 'Elmwood Restoration Services', 'Elm', 'Restoration'], 'PER': ['Jonathan Elmsley', 'Elmsley', 'Elm', 'Amelia', 'Parker']}",12
16_answer.json,4,"{'LOC': ['El', 'Hollow'], 'ORG': ['##dridge', 'Eldridge Academy', 'El'], 'PER': ['Lionel Thorne', 'Thorne', 'Clara Jennings', 'Clara', 'Jennings', 'Margaret Hines', 'Hi', '##nes']}",13
16_answer.json,5,"{'LOC': ['Maplewood'], 'ORG': ['Elmwood Academy'], 'PER': ['Albert Grayson', 'Grayson']}",4
16_answer.json,6,"{'LOC': ['Elmsworth', 'Maple', 'Maplewood'], 'ORG': ['Maplewood Academy', '##wood', 'The Elmsworth Gazette'], 'PER': ['Edgar Linton', 'Linton', 'Lin']}",9
16_answer.json,7,"{'LOC': ['Elmwood'], 'ORG': ['Elmwood Academy', 'Elmwood', 'Elmwood Gazette', 'Elm'], 'PER': ['Jonathan Whitman', 'Whitman', 'Sarah Mitchell']}",8
16_answer.json,8,"{'LOC': ['Willow Creek'], 'ORG': ['Woodrow Academy'], 'PER': ['Samuel Hawthorne', 'Samuel', 'Hawthorne', 'Emily', 'Thompson']}",7
16_answer.json,9,"{'LOC': ['Elmsworth'], 'ORG': ['Elmsworth Academy'], 'PER': ['Edward Penrose', 'Clara Jacobs', 'Penrose']}",5
16_answer.json,10,"{'LOC': ['Eldridge'], 'ORG': ['Eldridge Academy', 'Eldridge Gazette'], 'PER': ['John Thorne', 'Thorne', 'Weeks']}",6
24_answer.json,1,"{'ORG': ['Global Athletics Federation', 'GAF', 'International', 'Olympic Committee', '##OC', 'WA'], 'PER': ['Carlos Hernandez']}",7
24_answer.json,2,"{'ORG': ['En', '##re Federation', 'Global Athletics Federation', 'GAF', 'At', '##hletes for Integrity', 'AFI', 'World Anti - Doping Agency', 'WADA', 'GA', 'International', 'Committee'], 'MISC': ['Global Athletics', 'of Trust', 'Olympic'], 'PER': ['Harold', 'Anderson']}",17
24_answer.json,3,"{'ORG': ['International Athletics Federation', 'IAF', 'International', 'Reform', 'World', 'Agency', 'WADA'], 'MISC': ['Clean Race', 'Bombshell Report', 'Race', 'World Championships', 'Olympic Games']}",12
24_answer.json,4,"{'MISC': ['World', 'Doping', 'Project Clean Sweep'], 'ORG': ['En', '##re Athletics Federation', 'International Athletics Federation', 'IAF', '##AF'], 'PER': ['John']}",9
24_answer.json,5,"{'ORG': ['Global Athletics Federation', 'En', 'Executive Board', 'GAF', 'GA', 'Vinci'], 'LOC': ['Geneva', 'Switzerland'], 'MISC': ['Operation Clean Field', 'Olympic Games', 'World Championships']}",11
24_answer.json,6,"{'ORG': ['Global Athletics Federation', 'GAF', 'International Anti - Doping Consortium', 'IADC'], 'MISC': ['At', '##hleteGate'], 'PER': ['Martina Kruger']}",7
24_answer.json,7,"{'MISC': ['Do', 'Olympic'], 'ORG': ['Global Athletics Federation', 'GAF', 'Sinclair', 'International', 'Olympic Committee', '##OC', 'Do', 'WA', 'WADA'], 'PER': ['Laura Juare', 'Ju', 'Adam']}",14
24_answer.json,8,"{'ORG': ['National Athletics Federation', 'NAF', '##land', 'World Anti - Doping Agency', 'WADA', 'P', 'EP'], 'MISC': ['##read Doping', 'E'], 'LOC': ['Capital City', 'Nationland', 'Nation'], 'PER': ['Lucia Darnelle', 'Nicolas']}",14
24_answer.json,9,"{'MISC': ['World', 'Doping', 'Olympic'], 'ORG': ['Athletics Federation', 'Co', 'Global Athletics Federation', 'GAF', 'Executive Committee', 'International', 'Committee', '##OC', 'Thomas', 'Bach'], 'PER': ['James Harland']}",14
24_answer.json,10,"{'ORG': ['Athletics Federation', 'International Athletics Federation', 'IAF', 'Focus'], 'PER': ['Jordan Blake', 'Annabelle Carter', 'Marcus', 'L', 'Cross'], 'MISC': ['Clean S', '##ep', 'Co']}",12
03_answer.json,1,"{'PER': ['Elaine Ain', 'Elaine Ainsworth', 'Elaine'], 'LOC': ['Maplewood'], 'ORG': ['Science', 'Progressive Party', 'Progressive', 'Party']}",8
03_answer.json,2,"{'MISC': ['Chain', 'New Veridia'], 'LOC': ['Veri', '##dia', 'Veridia', 'Bellmere'], 'PER': ['Alistair More', 'Alistair'], 'ORG': ['Progressive Horizon Party']}",9
03_answer.json,3,"{'PER': ['Alexander Ourano', 'Alexander'], 'LOC': ['Pa', '##lladia', 'Palladia'], 'MISC': ['Apex of Power']}",6
03_answer.json,4,"{'PER': ['Marcus Al', 'Marcus Alden', 'Marcus'], 'LOC': ['Lufborough'], 'ORG': ['University of Greenfield', 'House of Representatives', 'Power', 'House', 'Representatives'], 'MISC': ['C']}",10
03_answer.json,5,"{'PER': ['Marcus Velasque', 'Marcus', 'Marcus V', 'Pi'], 'LOC': ['New Arcadia'], 'ORG': ['Arcadia University', 'New Arcadia City Council', ""People ' s""], 'MISC': ['##ian', ', We Rise']}",10
03_answer.json,6,"{'PER': ['Alex Mercer', 'Alex', 'Green'], 'LOC': ['Verida', 'Riverton'], 'MISC': ['Veridan', 'to Power'], 'ORG': ['Youth Progress Party', 'YPP', 'Verida', ""People ' s Can"", 'National Assembly', 'V', '##da']}",14
03_answer.json,7,"{'PER': ['Jonathan Carlisle', 'Jonathan', 'Anders'], 'MISC': ['Beginning', 's', '##eoric Rise'], 'LOC': ['Ironville', 'Northeastern'], 'ORG': ['Capitol University', ""People ' s Visionary Front"", 'P', '##VF', 'Carlisle', 'International']}",14
03_answer.json,8,"{'PER': ['Marcus Leland', 'Marcus'], 'MISC': ['Dawn of Am', '##ion'], 'LOC': ['Gainsborough', 'Atlantic Ocean'], 'ORG': ['University of Eastbridge', 'National', 'House', 'G']}",10
03_answer.json,9,"{'PER': ['Marcus Thorne', 'Marcus', 'Judith Blaine'], 'MISC': ['Genesis of Ambition', '##ic Rise'], 'ORG': ['Congress']}",6
03_answer.json,10,"{'PER': ['Victor Harg', 'Victor Hargrove', 'Harg'], 'LOC': ['Westbridge'], 'ORG': ['Westbridge University'], 'MISC': ['of Power']}",6
06_answer.json,1,"{'MISC': ['Greenfield Scanda', '##s', 'The', 'Greenfield Scandal'], 'ORG': ['Public Fund', 'Ashford Tribune', 'GreenTech Initiative', 'Green Solutions LLC', 'Council', 'Rodriguez', 'Smith', 'Verity', 'Audi', 'Green Solutions', 'Ash'], 'LOC': ['Ashford'], 'PER': ['Rebecca Greenfield', 'Greenfield', 'Jake']}",19
06_answer.json,2,"{'MISC': ['Blue River Affair'], 'LOC': ['Riverton'], 'PER': ['Eleanor Bryce', 'Bryce', 'Harper'], 'ORG': ['Blue River Revitalization Project', ""State Comptroller ' s Office"", 'Blue River Rev', '##ization Project', 'Shell Companies', 'Witness']}",11
06_answer.json,3,"{'MISC': ['Co', '##ly C', '##s'], 'LOC': ['Veridonia', 'Hartford'], 'PER': ['Alicia Hartford', 'Hartford', 'Mateo Lin'], 'ORG': ['Department of Urban Development', 'Project HomeLift', 'Lux', '##ous Living Co.', 'Veridonia Accountability Bureau', 'VAB', 'Lu', '##urious Living Co.', 'Em']}",17
06_answer.json,4,"{'MISC': ['Greenfields Affair', 'Fund', '##lands Restoration Initiative', '##ive Report'], 'LOC': ['Greenfields'], 'PER': ['Emily Warrington', 'Warrington', 'James Holloway', 'Audrey Lane', 'Liam Reynolds', 'Audrey', 'Lane', 'Holloway', 'Liam', 'Reynolds'], 'ORG': ['National Progressive Party', 'Greenfields Department of Justice', 'Greenfields Gazette', 'Wet']}",19
06_answer.json,5,"{'MISC': ['Operation Trustfall', '##b', 'Project Green Haven'], 'LOC': ['Metropolis Heights', 'Green Haven'], 'PER': ['Alexander Reed', 'Reed', 'Maria'], 'ORG': ['National Party', '##low', 'V', 'Citizen', 'Metropolitan Bureau of Public Accountability', 'MBPA']}",14
06_answer.json,6,"{'MISC': ['Operation Transparency', '##b', 'Paper Trail'], 'LOC': ['Eastville', 'City Hall'], 'PER': ['Sarah Mills', 'Arthur Blackwell', 'Blackwell', 'Mayor', 'Mills'], 'ORG': ['Department of Public Accountability', 'and Sur', '##nce']}",13
06_answer.json,7,"{'ORG': ['Verdant Initiative', 'Shell', 'C', 'Paper', 'Initiative'], 'LOC': ['Elmsworth'], 'PER': ['Richard Hargrove', 'Sarah Whitmore', 'Greenleaf', 'Mayor', 'Harg', 'Sarah', 'Michael T', 'Michael'], 'MISC': ['Greenleaf']}",15
06_answer.json,8,"{'MISC': ['The', 'Gilded Path', 'The Gilded Path'], 'LOC': ['New Capitol'], 'PER': ['Jane Thompson', 'Thompson', 'Alex Rivera', 'Rivera'], 'ORG': ['Progressive Party', 'Capitol Times', 'Justice']}",11
06_answer.json,9,"{'MISC': ['Silver Lake Sc', 'Lake Sc', '##l'], 'LOC': ['Evergreen', 'Silver', 'Silver Lake Nature Reserve', 'Silver Lake'], 'PER': ['Jonathan Prescott', 'Prescott', 'Elena Morales', 'Morales', 'Paul Easton', 'Easton'], 'ORG': ['Evergreen', 'Evergreen Accountability Committee', 'EAC']}",16
06_answer.json,10,"{'MISC': ['Solaris Sc', 'Project Solaris'], 'LOC': ['Miraville'], 'PER': ['Evelyn Grant', 'Mayor', 'Grant', 'John Ramirez', 'Ramirez'], 'ORG': ['Ethics Commission', 'Project Solaris', 'Phantom Contract', 'Audi', 'E', '##W', 'Su', 'Grant', 'Rene', 'Energy Department']}",18
13_answer.json,1,"{'MISC': ['Verdant Valley Conflict'], 'LOC': ['Verdant Valley'], 'ORG': ['TitanCorp', 'E', '##coGuardians', '##Guardians', 'Titan', 'Connell'], 'PER': ['Clara Rivers', 'Rivers', 'James', 'Elena', 'Mark']}",13
13_answer.json,2,"{'LOC': ['Green River Valley'], 'MISC': ['Discovery'], 'ORG': ['TerraGlobal Corp', 'Green River Guardians', 'GRG', 'Front', 'TerraGlobal', 'Point', 'Midway', 'Terra', 'Green', 'Guardians'], 'PER': ['Alice Green', 'Alice', 'Richard Sterling']}",15
13_answer.json,3,"{'ORG': ['Guardians of Green Valley', 'Global Horizons Corp', 'Global Horizons', 'Guardians', 'District Court of Green Valley', 'Green', 'Global', 'Horizon'], 'LOC': ['Green Valley'], 'MISC': ['Em', 'Environmental Protection Act'], 'PER': ['Ava Thompson', 'Martin Rook', 'Martin', 'Elena Morris']}",15
13_answer.json,4,"{'MISC': ['The', ""' s Re"", '##oning'], 'LOC': ['Pacific Northwest', 'Evergreen Valley', 'Verde River', 'Evergreen', 'Main Street'], 'ORG': ['TitanCorp Industries', 'TitanCorp', 'Guardians of the Verde', 'Titan'], 'PER': ['Claire Hastings', 'Robert Langston']}",14
13_answer.json,5,"{'MISC': ['Battle for Redwood Valley', 'Northern Spot', 'End', '##angered Species Act', 'National', 'Policy Act', '##PA', 'Environmental'], 'LOC': ['Northern California', 'Redwood Valley'], 'ORG': ['Agrimax Corporation', 'Green Earth Alliance', '##ted Owl', 'Pacific Fisher', 'Environmental', 'NE', 'A', '##grimax'], 'PER': ['Emily Harper']}",19
13_answer.json,6,"{'LOC': ['Glassford County Courthouse', 'Evergreen Valley'], 'ORG': ['OmegaCorp', 'Evergreen Alliance', 'Alliance', 'Omega'], 'PER': ['Sophie Lin', 'Marcus Drake']}",8
13_answer.json,7,"{'ORG': ['Green Guardians', 'TerraCorp', 'Verdantia', 'Terra', 'Eli', 'Moreno', 'TerraC', 'Charles', 'Harding'], 'MISC': ['for', '##a', '##beat of Dissent'], 'LOC': ['Verdanti', 'Verdantia'], 'PER': ['Eli', '##sa Moreno', 'Marcus Vexler']}",17
13_answer.json,8,"{'ORG': ['Green Earth Coalition', 'GlobalChem Industries', 'GEC', 'GlobalChem', 'Goliath', 'Alice', 'Clear', 'Global', 'Industries', 'Blacks'], 'MISC': ['Em'], 'LOC': ['Clearwater', 'Courtroom'], 'PER': ['Alice Waters', 'David', 'Waters', 'Henry']}",17
13_answer.json,9,"{'ORG': ['The', 'Green Horizon', 'TerraGlobe Industries', '##ville', 'The Green Horizon', 'TerraGlobe', 'Neoville', 'Ava', 'Terra', 'Marcus'], 'LOC': ['Neo', 'Clearwater Village'], 'PER': ['Ava Reynolds', 'Marcus Thorne']}",14
13_answer.json,10,"{'ORG': ['Earth Guardians', 'NaturoChem Corp', 'NaturoChem', 'Alex', 'Earth', 'Guardians', 'Nat', 'Beaumont'], 'LOC': ['Pacific Northwest', 'Evergreen Valley', 'Everwood Forest', 'North America'], 'PER': ['Alex', '##a Rivers', 'David', 'Evelyn']}",16
21_answer.json,1,"{'ORG': ['Rampton Rovers', 'Eastfield Eagles', 'Rampton', 'East', 'Eagles', 'Rovers', 'Ram', 'O'], 'LOC': ['Rampton', 'Rampton Stadium', '##field', 'East'], 'PER': ['Luke Thompson', 'Marcus Greenwood', ""James O ' Connor"", 'Danny Foster', 'Damien Cole', 'Cole', 'Connor']}",19
21_answer.json,2,"{'ORG': ['C', '##resthill United', 'Rivergate FC', '##rest', 'Cresthill United', 'Rivergate', '##resthill', 'Cresthill'], 'PER': ['Jamie Thompson', 'Marco Silva', ""Liam O ' Connor"", 'Carlos Mendes'], 'LOC': ['C', '##resthill', '##hill Stadium', 'Rivergate']}",16
21_answer.json,3,"{'ORG': ['Riverton Tigers', 'Lakeside Hawks', 'Tigers', 'Hawks', 'River'], 'LOC': ['Riverton Stadium', 'Riverton City'], 'PER': ['Mark', 'Reynolds']}",9
21_answer.json,4,"{'MISC': ['of Unrest'], 'LOC': ['C', '##restwood Stadium', '##restwood City', 'United Kingdom', '##rest', 'East'], 'ORG': ['C', '##restwood United', 'East Harbor FC', 'Crestwood United', '##wood', 'East Harbor', 'Crestwood', 'F', 'Harbor'], 'PER': ['Alex Reed', 'Marco Silva', 'Jamie Thompson']}",19
21_answer.json,5,"{'PER': ['Jordan L', 'Michaels', 'Jake Thompson', 'Sami', '##r Al - Khatib', 'Ethan Clarke', 'Marcus Bailey'], 'LOC': ['A', '##fton Stadium'], 'ORG': ['Redfield Rovers', 'A', '##fton United', 'Rovers', 'United', 'Redfield', '##fton']}",16
21_answer.json,6,"{'LOC': ['Downtown Derby', 'Downtown Stadium', 'Metropolis City', 'Derby'], 'ORG': ['City FC', 'United Town', 'Fans and Authorities'], 'MISC': ['Downtown'], 'PER': ['Liam Parks', 'Samuel Thorpe']}",10
21_answer.json,7,"{'ORG': ['Hawks', 'Panthers', 'Northville Hawks', 'Eastside Panthers'], 'LOC': ['City Stadium'], 'PER': ['Jake Thompson', 'Lucas Grant', 'Simon Harris', 'Maria Lopez', 'Ethan', 'Carter', 'Mark', 'Stevens'], 'MISC': ['Point']}",14
21_answer.json,8,"{'MISC': ['Heart', 'Stopping C'], 'PER': ['Alex Thompson', 'Marcus Hines', 'Tom Richards', 'Hi', 'Liam Carter', 'Aaron', 'Kyle'], 'LOC': ['Harlington Stadium', 'Eastfield'], 'ORG': ['Eastfield United', 'Westwood Warriors', 'Eastfield', 'Westwood', 'East']}",16
21_answer.json,9,"{'ORG': ['Riverport Wolves', 'Lakeside Lions', 'Riverport', 'Wolves', 'Lions'], 'LOC': ['Riverport Stadium'], 'PER': ['Jake Thompson', 'Carlos Mendoza', 'Ryan Lewis', 'Linda Harris', 'Alex Murphy', 'Mendoza', 'Harris', 'Murphy', 'David', 'Taylor']}",16
21_answer.json,10,"{'LOC': ['Greenfield Stadium', 'Greenfield'], 'ORG': ['Red Hawks', 'Blue Tigers'], 'PER': ['Marco Villanu', 'Josh Omond']}",6
14_answer.json,1,"{'MISC': ['Festival of the Silenced Echoes', '##eri', '##dian', 'V', '##eridian', 'Echo Parade'], 'LOC': ['V', 'Elderglen']}",8
14_answer.json,2,"{'MISC': ['Festival of Unity', 'Arkania'], 'LOC': ['Arkania'], 'ORG': ['Unity']}",4
14_answer.json,3,"{'LOC': ['Luminae Terra', 'E', '##istoria', 'A', '##zure Ocean', 'Land of Light', 'Eistoria', 'Alindra', '##e Terra', 'Terra'], 'ORG': ['Luminae Terra', 'Lumina', 'E', 'Ali']}",14
14_answer.json,4,"{'ORG': ['Imaginary Nation', 'National Unity Party', '##minara', 'El'], 'LOC': ['Eldoria', 'Aldenveil', 'Lu'], 'MISC': ['Luminara Festival', 'Eldorian']}",9
14_answer.json,5,"{'MISC': ['Harmony of Horizons', '##s', 'Ara', '##an', 'Unity in Diversity', 'Culture for All'], 'LOC': ['Arantia', 'Ara', '##a', '##s'], 'ORG': ['Harmony of Horizon']}",11
14_answer.json,6,"{'LOC': ['Lu', 'Verenthia', 'Solaria', 'Lumina', 'V'], 'ORG': ['##mina']}",6
14_answer.json,7,"{'MISC': ['Luminaire Festival', 'Parade of Light'], 'LOC': ['Meliora'], 'ORG': ['Mel']}",4
14_answer.json,8,"{'MISC': ['Festival of Luminous Unity', 'Parade of Lights', 'Artisan Avenue'], 'LOC': ['Nevroria', 'G', '##limmerhaven', 'Nev', 'Harmony Hall', '##ev'], 'ORG': ['##roria', 'N', '##ro', 'G', 'Unity']}",14
14_answer.json,9,"{'MISC': ['Starlight Con', '##gence Festival', 'Starlight Convergence Festival', 'Star Lantern Parade', 'Co', '##smic Art Fair', 'Sky'], 'LOC': ['Elara', 'Luminara']}",9
14_answer.json,10,"{'MISC': ['Eclipse Harmony Festival'], 'LOC': ['Eloria'], 'ORG': ['Eclipse', 'Harmony', 'Festival']}",5
08_answer.json,1,"{'MISC': ['Shattered Dawn'], 'LOC': ['Elandra', 'Silver River', 'Arion'], 'PER': ['Malik Vera', 'Alistair Greening', 'Malik', 'Greening', 'Hawke'], 'ORG': ['Elandra', 'Elandra Special Command', 'ESC', 'Li']}",13
08_answer.json,2,"{'ORG': ['Echoes of Valor', 'Paramount Coalition', 'The', 'Altherian Broadcasting Network', 'Alt', 'Coalition', 'Echo'], 'LOC': ['Altheria', 'Lysoria'], 'MISC': ['##her']}",10
08_answer.json,3,"{'MISC': ['Night of Shadows'], 'LOC': ['V', '##artovia', 'Eastern Europe', 'Eldrin'], 'PER': ['Aleksandr Markov', 'Ivan Volkov', 'Markov', 'Vol', 'Mark', '##kov'], 'ORG': ['V', '##artovian Armed Forces']}",13
08_answer.json,4,"{'LOC': ['Verdania', 'V', '##erdania', 'Solaria'], 'PER': ['El', '##ara Fontaine', 'Adrian Cortez', 'Co', 'F', '##ontaine', 'Vera'], 'MISC': ['New Dawn']}",12
08_answer.json,5,"{'LOC': ['Eldoria', 'Highgate', 'El', 'Co'], 'PER': ['Alaric', 'Ce', '##dric Thorn', 'Alari', 'El', '##ara', 'E', '##amon'], 'ORG': ['Silver Council', 'Royal Guard', 'Am'], 'MISC': ['Harvest Festival']}",16
08_answer.json,6,"{'LOC': ['Helios', 'New Lyra', 'District 12'], 'ORG': ['Helio', 'He'], 'PER': ['Marcus Talen', 'Marcus', 'He'], 'MISC': ['Helios', 'E', '##ox Festival', 'He']}",12
08_answer.json,7,"{'LOC': ['Elysium', 'Seraphim Mountains', 'Mirach Sea', 'Aurelian', 'Presidential Palace', 'Ely'], 'PER': ['T', '##hali', '##a Marquette', 'Cassian Reed', 'Reed', 'Marquette'], 'MISC': ['Independence Day']}",13
08_answer.json,8,"{'ORG': ['Shadows Over El', 'Eldridge', 'Cerulean', 'National Assembly', '##oss', 'Holt'], 'LOC': ['##dridge', 'Eldridge', 'Forest', 'Caladore', 'A', '##zure Sea', 'Tower'], 'PER': ['Al', '##ari', '##c Voss', 'V', '##oss', 'Lena Asher', 'Asher', 'Marin', 'Dar', 'Holt', 'Si'], 'MISC': ['Independence Day', 'Western']}",26
08_answer.json,9,"{'MISC': ['Shattered Dawn'], 'LOC': ['Althornia', 'Verenthia', 'V', '##erenthia'], 'PER': ['Mu', '##lda', 'Viktor Tallen', 'Tall', 'Tallen', 'El', '##ara Senim', 'Sen'], 'ORG': ['Defense', 'Val', 'Am']}",16
08_answer.json,10,"{'LOC': ['Eldoria'], 'PER': ['Alden III', 'Al', 'Malric', 'Ely', '##sia', 'Mal']}",7
01_answer.json,1,"{'MISC': ['Libethenian', 'Li', '##enian'], 'ORG': ['##beth', 'Elara', 'The Lantern Keeper', '##rel', 'El', 'Li'], 'LOC': ['Empire', 'Au', '##rel'], 'PER': ['El', '##ara Valois', 'Elara', 'Dorian Fell', 'Marcus Eldric', 'Marcus']}",18
01_answer.json,2,"{'LOC': ['Veridale'], 'PER': ['Elara Voss', 'Leo Stratton', 'Leo', 'Darius Everell', 'Elara'], 'ORG': ['Veridale', 'Elara', 'Sapphire District Project', 'Typhon Infrastructures', 'Elyria Fund', 'Ely', 'Fund', 'El', 'V', '##dale']}",16
01_answer.json,3,"{'MISC': ['Shadows of', 'European'], 'LOC': ['W', '##olvenia', '##venia', 'Lorendale'], 'PER': ['Luca Sterling', 'Ana Kovac', 'Sterling', 'Ana', 'Tomas', 'V'], 'ORG': ['W']}",13
01_answer.json,4,"{'LOC': ['Silverton'], 'PER': ['Robert', 'Bobby', 'Carrington', 'Emma Hastings', 'Emma', 'Bobby Carrington'], 'ORG': ['Silverton Chronicle', 'Silverton', 'Silver', 'State', 'Commission'], 'MISC': ['Go', '##rdian', 'Shadows']}",15
01_answer.json,5,"{'LOC': ['Shadows', 'I', 'Arc', '##s', 'Arcanis'], 'MISC': ['##mperium'], 'PER': ['Cyrus Valor', 'Cyrus', 'Amelia Shore', 'Amelia', 'El', 'Quinn', 'Em']}",13
01_answer.json,6,"{'LOC': ['Veron', 'V', '##eronia', 'Veronia', 'Silverkeep'], 'MISC': ['##ia', 'The', 'Veil of Gold'], 'PER': ['Aldric', 'El', '##ara Voss', 'Elara', '##ara', 'Al'], 'ORG': ['Council of the Wise', 'Council']}",16
01_answer.json,7,"{'ORG': ['Shadows', 'Unity Project', 'The', 'Veritan Voice', 'Mercurial Industries', 'Ministry of Infrastructure', 'V', 'Duval', 'Chamber'], 'LOC': ['Veritania'], 'PER': ['El', '##ara Duval', 'Duval', 'Kai Turner', 'Turner', 'Marcus Bell', 'Rose']}",17
01_answer.json,8,"{'MISC': ['Shadows Over'], 'LOC': ['Illumina', 'Dresden'], 'PER': ['Alari', '##c Dresden', 'Laura Whitman', 'Whitman', 'Celia', 'Torres'], 'ORG': ['Illumina', 'Illumina Daily', 'Horizon Holdings', 'Horizon', 'Celia']}",14
01_answer.json,9,"{'MISC': ['of'], 'LOC': ['Star', 'Stardale'], 'ORG': ['##dale', ""People ' s Party"", 'Stardale', 'Elara', 'Solaris Initiative', 'National Observer', 'El'], 'PER': ['El', '##ara Thorne', '##ara', 'Ava Lessing', 'Ava', 'Thorne']}",16
01_answer.json,10,"{'MISC': ['of', '##ue', 'Champion of the People', 'of Deceit'], 'LOC': ['Elmridge', 'Elm'], 'PER': ['Alex The', 'Alex', 'Lila Bowen', 'Lila', '##x'], 'ORG': ['TitanCorp', 'Citizens']}",13
18_answer.json,1,"{'MISC': ['Harmony Awards', 'Album of the', 'Echoes of Tomorrow', 'Heartstrings', 'R & B', 'Soundscapes', 'Phoenix Rising', 'Album', 'the', 'W', '##pering Shadows', 'HarmonyA'], 'LOC': ['Crescendo Hall'], 'PER': ['Ava Langley', 'Jonah Mendez', 'Lionel Harris', 'Violet Ha'], 'ORG': ['The Northern Lights', 'Elara', 'Shadows']}",20
18_answer.json,2,"{'MISC': ['Infinite Lights Gala', 'Best Innovative Feature Film', 'Lunar Symphony', 'E', '##ch of Echoes', 'Stardust Realms', 'Echoes in Silence', 'Epoch of Echoes', 'Parallel Tapestry', 'Para', '##Sho', 'InfiniteC'], 'ORG': ['Celestial'], 'LOC': ['Theatre'], 'PER': ['El', '##ain', '##a Verity', 'Verity']}",18
18_answer.json,3,"{'MISC': ['StarLight Awards', 'The Last Horizon', 'Echoes of Time', 'C', '##restfall', 'Em', '##t Domain', 'Theories', '##lash', 'Star'], 'LOC': ['Grand Aurora Theatre', 'Los Angeles', 'Hollywood'], 'PER': ['Jonathan Miles', 'Samuel Rivera', 'Alex Linden', 'Martin Reid', 'Alex', 'Linden']}",19
18_answer.json,4,"{'MISC': ['Global Music Honors', 'GMH', 'the Year', 'Nebula Waves', 'S', 'Sorcery', 'European', 'Digital Dreamscape'], 'LOC': ['Berlin', 'Germany'], 'PER': ['Ra', '##quel Solis'], 'ORG': ['GMH', 'GM']}",14
18_answer.json,5,"{'MISC': ['Starlight Arts Gala', 'Best Picture', 'The Artisan', 'Quantum Pulse', 'Celes', '##tial Shadows', 'Celestial Shadows'], 'ORG': ['Aurora', 'Gala', 'Arts'], 'LOC': ['Theater', 'New Avalon'], 'PER': ['Jonathan Eldridge', 'Kai Tsun', 'Star', 'Kai', 'T']}",17
18_answer.json,6,"{'MISC': ['Global Arts Luminary Awards', 'GALA', 'GA', '&', 'Composition in Film', 'Echoes of Time', 'S', '##ynthescope Dreams', 'Rhythms of the Void', 'African', 'The Steel Harp', 'Ginger Snap Beats'], 'ORG': ['##LA', 'GA'], 'LOC': ['Celestial Am', '##theater', 'New York City', '##lin'], 'PER': ['Marco Vancetti', 'Lin', '##a Jiang', 'I', '##mani Orub', 'Alexander Mack', 'Cass Wheeler', 'Wheeler']}",26
18_answer.json,7,"{'MISC': ['Stellaris Awards', 'Con', '##tion for', 'Innovation', 'The Virtual Voyager', 'V', 'Stellar Odyssey', 'Drift of the', 'Celestial Ark', 'AI'], 'LOC': ['Nebula Auditorium'], 'ORG': ['Z', 'AI', 'Ephemera Labs', 'Voyager', 'Stella'], 'PER': ['Eric Zenith']}",17
18_answer.json,8,"{'MISC': ['Global', 'Awards', '##CA', 'of the', 'The Echo of Pixels'], 'ORG': ['Arts and Culture', 'GA', 'GACA', 'Harmony'], 'LOC': ['Grand Palais', 'Paris'], 'PER': ['G', '##ian', '##na Rossi', 'Elijah Carr', 'Le', '##yla Mahfo', 'Harmony Quantum']}",18
18_answer.json,9,"{'MISC': ['Celestial Arts Awards', 'AI', 'Awards', 'Ce'], 'PER': ['Z'], 'ORG': ['##3', 'Z3', '##th']}",8
18_answer.json,10,"{'MISC': ['The Radiant Stars Gala', 'the'], 'LOC': ['Grand Solaria Theatre'], 'PER': ['Ava Lin', 'Marvin Thorn', 'Lila Aloka', 'Jamal Rivers', 'Blake Anders', 'Blake']}",9
04_answer.json,1,"{'MISC': ['Ariston Dynasty', 'Saga', '##ston Dynasty', 'War of Vilain Territories', 'Ariston', 'Eldorian', 'Golden Age', 'Dove'], 'ORG': ['Ari'], 'LOC': ['Eldoria', 'Republic of Eldoria'], 'PER': ['Elias Ariston', 'Elias', 'Marcus Ariston', 'Marcus', 'Regina Ariston', 'Ari', 'Regina', 'Leon']}",19
04_answer.json,2,"{'PER': ['El', 'Cyrus Elborne', 'Cyrus', 'Jonathan Elborne', 'Jonathan', 'Theodore Elborne', 'Theodore', 'Harold Richards', 'Mitchell Elborne', 'Mitchell', 'F', 'Franklin'], 'MISC': ['##borne Dynasty', 'Family', 'Golden Age', 'Great Depression', 'New Deal', 'World War II', 'Red Scare'], 'ORG': ['##borne', 'House of Representatives', 'House', 'Elborne', 'Senate'], 'LOC': ['Newpoint']}",25
04_answer.json,3,"{'ORG': ['Verenthal', '##erenthal', 'Hel', 'He', '##vor'], 'LOC': ['Helvoria', '##vor', '##l'], 'PER': ['V', 'Gustav Verenthal', 'Gustav', 'Edgar Verenthal', 'Edgar', 'Amelia Verenthal', 'Amelia', 'Felix V', 'Felix', 'Col'], 'MISC': ['Golden Era']}",19
04_answer.json,4,"{'LOC': ['Alava', '##ava'], 'PER': ['Hal', 'Thomas', 'Tide', 'Haldan', 'Alava', 'Tide Hal', 'Nathaniel Hal', 'Nathaniel', 'Evelyn', 'Jasper'], 'ORG': ['Hal', 'Al', 'Tide', 'Fr'], 'MISC': ['Genesis of the Dynasty']}",17
04_answer.json,5,"{'PER': ['Ain', 'Jonathan Ainsworth', 'Jonathan', 'Robert Ainsworth', 'Robert', 'Eleanor Ainsworth', 'Richard Ainsworth', 'Richard', 'Vivian', 'R', 'Samuel'], 'MISC': ['Dynasty', 'Great Depression', 'Power', 'Cold War', 'Americans', 'Golden Age'], 'LOC': ['United States', 'Virginia', 'Middle', 'East'], 'ORG': ['Commerce', 'Nobel']}",23
04_answer.json,6,"{'LOC': ['Meloria', 'Southern Hemisphere', '##oria'], 'ORG': ['F', 'Mel', 'Arts'], 'MISC': ['##yn', 'Fonteyn Dynasty', '##orian Independence Movement', 'Freedom', 'Mel', 'Golden Age'], 'PER': ['F', 'Alari', '##c Fonte', '##c', 'Ezra', 'Julian', 'Ezra Fonteyn', 'Marcus', 'Camille']}",21
04_answer.json,7,"{'LOC': ['Eloria', '##oria'], 'PER': ['Kessler', 'Hugo Kessler', 'Hugo', 'Ke', 'Martin Kessler', 'Martin', 'Julian Kessler', 'Julian', 'Theo Kessler', 'Theo'], 'ORG': ['Elorian Progressive Party', 'EPP', 'Eloria', '##ssler', 'El', 'Fed'], 'MISC': ['Cold War', 'Eastern', 'Western']}",21
04_answer.json,8,"{'LOC': ['Elaria', '##aria'], 'PER': ['V', '##oss', 'Matthias Voss', 'Matthias', 'El', '##ara', 'Wilhelm', 'Li', '##ora', 'Anton', 'Wilhelm Voss', '##ora Voss', 'Heinrich'], 'ORG': ['Voss', 'Shepherd', 'Progressive Agrarian Party', 'PAP', 'Elaria', 'El', 'Justice', 'Di'], 'MISC': ['Golden Era']}",24
04_answer.json,9,"{'MISC': ['Ashford Dynasty', 'of Power and', '##verance', 'Ka', '##rdovian', 'Age', 'Golden Age', 'Ash', 'Dynasty'], 'PER': ['Ashford', 'Jonathan Ashford', 'Jonathan', 'Edward', 'Eddie', 'Ash', 'Margaret', 'Ka', 'William'], 'LOC': ['Kardovia', 'Ashford'], 'ORG': ['Commerce', '##ford', 'Ashford', 'Ex']}",24
04_answer.json,10,"{'PER': ['Du', 'Henri Du', 'Henri', 'Charles Du', 'Charles', 'Eleanor', 'Edward', 'Am', 'Isabelle'], 'LOC': ['Riverton'], 'ORG': ['##f', '##ne', 'Congress']}",13
11_answer.json,1,"{'MISC': ['Voice of the Silenced', 'Life', 'Science'], 'PER': ['El', '##ara Reed', '##ara'], 'LOC': ['Maplebrook'], 'ORG': ['University of Crestwood', 'The Crestwood Call', 'The Sentinel']}",10
11_answer.json,2,"{'MISC': ['Dark', '##a', 'Story', 'Life', 'English', 'Career', 'Reginald Journalism Award', 'Big Story'], 'PER': ['Aness', 'Jansen', 'An', '##ess', '##a Jansen'], 'LOC': ['Riverton', 'Midwestern America'], 'ORG': [""St. Bridget ' s University"", 'Riverton Daily', 'Shadows']}",18
11_answer.json,3,"{'MISC': ['In', 'V', '##s of Corr', '##tion', 'Hidden Chambers', 'W', '##pers in the Capital', 'American', 'Science'], 'PER': ['Sarah Temple', 'Sarah'], 'LOC': ['Chicago', 'Illinois', 'USA'], 'ORG': ['University of Illinois', 'The National Inquirer']}",16
11_answer.json,4,"{'MISC': ['Byline', 'Life', 'English', 'Pulitzer Prize for', 'Report'], 'PER': ['Marissa Quinn', 'Marissa'], 'LOC': ['New Orleans', 'Louisiana'], 'ORG': ['University of Missouri', 'School of Journalism', 'Baton Rouge Chronicle', 'Washington Sentinel', '##ive', '##ing', 'Department of Infrastructure']}",16
11_answer.json,5,"{'ORG': ['Shadows of Valor', 'University of Norden', 'The Capital Lens', 'El', 'Shadows', 'Val'], 'PER': ['El', '##ara Kinsley', '##ara'], 'LOC': ['Havenbrooke'], 'MISC': ['Co', 'Expo']}",12
11_answer.json,6,"{'MISC': ['Echoes', 'Life', 'Science', 'Break', 'Concrete Web'], 'PER': ['Emily Turner', 'Emily'], 'LOC': ['Vermont', 'Burlington', 'Washington, D. C.'], 'ORG': ['Columbia University', 'Columbia', 'Pulitzer', 'Report']}",14
11_answer.json,7,"{'MISC': ['Shadows of Truth'], 'PER': ['Elena Martinez', 'Elena', 'Maria', 'Javier Martinez'], 'LOC': ['Santa Rosa', 'New Mexico', 'New York City'], 'ORG': ['University of New Mexico', 'The New York Tribune', 'Whitehall Reports', 'Reports', 'Department']}",13
11_answer.json,8,"{'MISC': ['Shadows of Truth', 'Life', 'George Polk Award'], 'PER': ['Eliza Montrose', 'Eliza Anne Montrose', 'Eliza'], 'LOC': ['Newark', 'New Jersey'], 'ORG': ['Columbia University', 'Science', 'The Newark Chronicle', 'The Atlantic', 'State Department']}",13
11_answer.json,9,"{'PER': ['Oliver Gray', 'Oliver'], 'LOC': ['Crescent Bay'], 'ORG': ['University of Eastwood', 'Political Science', 'Crescent Bay Chronicle', 'The Daily Beacon', 'Daily', 'Beacon', 'Citizens', 'Journalists'], 'MISC': ['Turner Prize for Journalism']}",12
11_answer.json,10,"{'MISC': ['Shadows of the Truth', 'Life', 'World War II'], 'PER': ['Lara Mitchell', 'Lara'], 'LOC': ['Chicago'], 'ORG': ['Northwestern University', 'Medill School of Journalism', 'The Chicago Tribune']}",9
23_answer.json,1,"{'LOC': ['Windbrook', 'Windbrook Stadium'], 'ORG': ['Windbrook Whirlwind', 'Tidebreak Titans', 'Whirlwind', 'Titans']}",6
23_answer.json,2,"{'LOC': ['Veridion', 'Veridion Stadium'], 'ORG': ['Veridion Vipers', 'Greystone Gladiators', 'Vipers', 'Gladiators', 'Gladiator', 'Viper', 'Glad', '##iators'], 'PER': ['Leo', 'Man', 'Carlos Morales', 'Carlos'], 'MISC': ['Lion']}",15
23_answer.json,3,"{'LOC': ['Eldoria'], 'MISC': ['Eldorian Cup'], 'ORG': ['Eldoria Eagles', 'Riverton Rhinos', 'Eagles', 'R', '##hinos', 'Rhinos', 'El'], 'PER': ['Marco Vele', 'Marco', 'Alex Thornton']}",12
23_answer.json,4,"{'LOC': ['Hale Stadium', 'Stadium'], 'ORG': ['Hale', 'Northside Wolves', 'Southtown Eagles', 'Wolves', 'Eagles']}",7
23_answer.json,5,"{'LOC': ['Eldridge'], 'ORG': ['Eldridge Eagles', 'Brookside Hawks', 'Eagles', 'Hawks', 'Brooks']}",6
23_answer.json,6,"{'LOC': ['Port Astra', 'Astra Stadium'], 'ORG': ['Port Astra Hawks', 'Blackstone Warriors', 'Hawks', 'News']}",6
23_answer.json,7,"{'LOC': ['New York City', 'New'], 'MISC': ['Empire Cup', 'Cup'], 'ORG': ['New York Strike', 'London Royals', 'New York', 'York', 'Empire', 'Royals'], 'PER': ['James Barrington', 'Marco Giannett', 'Barr']}",13
23_answer.json,8,"{'LOC': ['Starlight Stadium', 'Manchester'], 'MISC': ['Pan - European Soccer Cup'], 'ORG': ['Crow', 'Viper', 'Milan']}",6
23_answer.json,9,"{'LOC': ['Willowdale'], 'ORG': ['Willowdale Wanderers', 'C', '##resthill Cavaliers', 'Cavaliers', 'Wanderers', '##resthill', 'Willowdale', 'Willow', 'Loyola']}",10
23_answer.json,10,"{'LOC': ['Clarenton', 'Jubilee Stadium'], 'ORG': ['Clarenton Falcons', 'Redwood Raptors', 'Falcons', 'Raptors', 'Chaos', 'Jubilee'], 'PER': ['James', 'Jet', 'Harrison', 'Gregory Billings']}",12
20_answer.json,1,"{'MISC': ['Winds of', 'Winds', 'Liberty'], 'ORG': ['Liberty', 'The Council of Sanctity', 'Council', 'of', 'Council of Sanctity', 'Winds of Liberty'], 'LOC': ['Zantora', '##ora'], 'PER': ['El', '##ara Voss', 'Z', 'Lia']}",15
20_answer.json,2,"{'MISC': ['Whispers of Dawn', 'W', '##pers of Dawn', 'As', '##n'], 'LOC': ['Astoria', 'Noor', '##toria'], 'ORG': ['Guardians', 'Demons'], 'PER': ['El', '##ara Sol', 'Ali', '##na', '##ara']}",15
20_answer.json,3,"{'MISC': ['of Freedom', '##pers of Freedom'], 'LOC': ['Aridea', 'Forest of', 'Elrin', '##dea'], 'PER': ['Morta', 'El', '##ara Mendez', '##ara', 'Li', '##ora', 'Ari', 'Elara', 'Mo', '##rta'], 'ORG': ['Ari', 'El']}",18
20_answer.json,4,"{'MISC': ['Whispers of Freedom', 'Vita'], 'LOC': ['Vitanara', '##a'], 'ORG': ['Vitanar', 'Novar Authority', 'Vita'], 'PER': ['El', '##ara V']}",9
20_answer.json,5,"{'MISC': ['Shadows of Freedom', 'The', 'W', '##pering Rebellion', 'Whispering Rebellion'], 'LOC': ['Veridia', 'Lumaria', 'Lumar', 'V'], 'PER': ['Elara Sorin', 'Ari', 'El'], 'ORG': ['##ara', 'El']}",14
20_answer.json,6,"{'MISC': ['##pers of the Broken', 'Whispers of the Broken', '##hispers of the Broken', 'W'], 'LOC': ['Arkania', 'Ark'], 'PER': ['Oct', 'Dar', '##a Sorin', 'Co']}",10
20_answer.json,7,"{'MISC': ['W', '##pers of the Crimson Dawn', 'Crimson Dawn', 'V', '##eridian'], 'LOC': ['Veridia'], 'PER': ['Lena Arlo', 'El', '##ara'], 'ORG': ['El']}",10
20_answer.json,8,"{'MISC': ['W', '##per of the Revolution', 'Ardonian', 'Echoes of Freedom', 'A', '##ian', '##rdonian'], 'LOC': ['Ardonis'], 'PER': ['El', '##ara Seraph', '##ara', 'As', '##tra', 'Bo', 'Echo']}",15
20_answer.json,9,"{'MISC': ['Shadows of Freedom', 'W', '##pers of the Past', 'Whispers of the Past'], 'LOC': ['Astravia'], 'PER': ['Ka', '##el Jorvin', 'Jo', '##rvin', 'Lena Arkov', 'Lena']}",11
20_answer.json,10,"{'LOC': ['Veridia'], 'MISC': ['Whispers of Tomorrow', 'V', '##eridian Film Festival'], 'PER': ['El', '##ara Minsar', 'L', '##yra'], 'ORG': ['Veridian Authority', 'The Luminaries']}",10
12_answer.json,1,"{'MISC': ['Echo of An', '##tors'], 'LOC': ['Verde Arcana', 'Way', 'Wayar', 'Tahara', 'Wayaré'], 'ORG': ['AmaraTech', '##ford', 'Lang', 'Amar'], 'PER': ['Richard Langford', 'Lang', 'Ha', '##ro']}",15
12_answer.json,2,"{'LOC': ['Whispering Grove', 'W', '##per', 'Grove', '##lam', 'Zeloria', '##pering Grove', 'Talamay'], 'ORG': ['Ta', '##ay Indigenous Community', 'NovaCorp International', 'NovaCorp', 'Mira', 'Z', 'Nova'], 'MISC': ['Ta'], 'PER': ['Victor Langston', 'Victor']}",18
12_answer.json,3,"{'MISC': ['Serenian', 'Tu', 'Great'], 'LOC': ['##rest', 'Qalan', 'Great Heart Tree'], 'ORG': ['Heart Tree', 'En', 'Monarch Corp', 'Green Vision', 'Guardians', 'Mona', 'Corp', 'Tu'], 'PER': ['Ka']}",15
12_answer.json,4,"{'MISC': ['Heart of A', 'Tree'], 'LOC': ['##yomba', 'A', 'Li', 'Ayomba'], 'ORG': ['Ari', 'Sacred', '##fara', 'GlobalRes Corp', 'A', 'Global'], 'PER': ['Gregory Blackwell', 'Blackwell', 'Grand', 'Kim', 'Ari']}",17
12_answer.json,5,"{'LOC': ['W', 'Pines', 'Great Northern Forest', '##per', 'Whis', '##pering Pines', 'Eden', '##ing Pines', 'A'], 'ORG': ['A', '##ra Nation', 'TerraFirm', 'TerraFir'], 'MISC': ['##ro', 'A', '##ra'], 'PER': ['Jonathan Steele', 'Steele', 'Ta']}",19
12_answer.json,6,"{'MISC': ['An', '##tral River', 'A'], 'LOC': ['Iskani River', 'Iskani Basin'], 'ORG': ['Stellaris Corp', 'Stellaris'], 'PER': ['Mari', 'Derek']}",9
12_answer.json,7,"{'MISC': ['Song of the River', 'Ka', '##yan'], 'LOC': ['Lirinaya'], 'ORG': ['TerraCorp Inc', 'TerraCorp', 'Ban', 'Terra', 'Li'], 'PER': ['Elder Mae', 'Lana']}",11
12_answer.json,8,"{'LOC': ['Sacred Grove', 'Zalira', 'Grove'], 'ORG': ['O', 'Olina', 'Sacred', 'Oakridge Industries', 'Evan', 'Oak', 'Industries', 'Guide'], 'PER': ['Mark Landry']}",12
12_answer.json,9,"{'LOC': ['Valley of Echoes', 'Whis', '##pering Mountains', 'Crystal River', 'Arinaya', 'Valley'], 'ORG': ['Ari', 'V', '##arinex Corporation', '##arinex', 'Arinay', '##walk', 'El', 'Echo', 'Amelia', 'Chen'], 'MISC': ['##nay'], 'PER': ['Jonathan Crest', 'C', 'El', '##ara Wind']}",21
12_answer.json,10,"{'MISC': ['the Ancients', '##a'], 'LOC': ['Amazon', 'Tupana', 'Tupan', '##s'], 'ORG': ['ManaTropics Corporation', 'ManaTropics', 'Tupana', 'ManaTropic', 'Tu'], 'PER': ['Jonathan Reed', 'Mara', 'Jonathan']}",14
07_answer.json,1,"{'LOC': ['Veridonia', 'Eldoria City'], 'PER': ['Reginald Cor', 'Co', 'Emma Navarro', 'Felix Hard', 'Maria Elara', 'Elias', 'Morton', 'Marcus'], 'ORG': ['International Humanitarian Tribunal of Veridonia', '##r', '##s', 'International']}",14
07_answer.json,2,"{'PER': ['Alex Sorenson', 'So', '##ren', 'Maria Esteban', 'E', 'Victor Hale', '##renson', 'Hale'], 'ORG': ['International Tribunal for Human Rights'], 'LOC': ['The Hague', 'Republic of Nura']}",11
07_answer.json,3,"{'PER': ['Marcus Vale', 'Vale', 'Sofia Kim', 'Jakob Dimitrov', 'Kim', 'Dimit', '##rov'], 'ORG': ['International Tribunal for Human Rights'], 'LOC': ['Targes', '##ia', 'Targesia']}",11
07_answer.json,4,"{'PER': ['Armand Voss', 'V', '##oss', 'Julia Merano', 'Merano', 'El', '##ara Ng', '##en', 'Samuel Brenner', 'Bren', 'C', 'Karl'], 'LOC': ['Eldoria', 'The Hague', '##era', '##ent', 'Center'], 'ORG': ['International Tribunal for Justice', 'Lim', 'Det', '##ion']}",21
07_answer.json,5,"{'PER': ['Javier Armenta', 'Armenta', 'Sofia Mendez', 'Judge Mendez', 'Luis Ramirez', 'Marta León', 'Arm', 'Arment', 'Marta', 'León', 'Maria', 'Torres', 'Ra', 'Gomez'], 'LOC': ['Republic of', 'Cordillera', 'Co', '##rdillera', 'Ciudad Nueva', '##enta'], 'MISC': ['South American'], 'ORG': ['United Nations', 'Defense', '##a']}",24
07_answer.json,6,"{'PER': ['Antonio Vargas', 'Vargas', 'Maria El - Khalil', 'El', 'K', 'Carlos Ramos', 'Ramos'], 'LOC': ['Republic of Altravia', '##nta', 'Altravia'], 'ORG': ['International High Court of Justice'], 'MISC': ['Pi', '##ra Massacre']}",13
07_answer.json,7,"{'LOC': ['Veridonia', 'Veridon City', 'The'], 'PER': ['Maximilian Strahd', 'St', '##rah', '##d', 'Elena Rivera', 'An', '##war Hassan', 'Hassan', 'Viktor Kornilov', 'Kornilo', 'Maximilian'], 'ORG': ['International Tribunal for Human Rights'], 'MISC': ['Black Sites']}",16
07_answer.json,8,"{'LOC': ['Veridonia', 'Antoria'], 'PER': ['Jonathan Hale', 'Hale', 'Mara Linsco', 'Marcus', 'Tu', 'Rodriguez', 'O'], 'ORG': ['International Court of Justice']}",10
07_answer.json,9,"{'PER': ['Victor Ortega', 'Ortega', 'Or', 'Maria Thurman', '##ga', 'Julian Romero', 'Romero', 'Co'], 'LOC': ['Cordon', 'The Hague'], 'ORG': ['International Court of Justice', 'Defense', '##tega', '##ga']}",14
07_answer.json,10,"{'LOC': ['Eldoria', '##ia', 'Verenthia', '##dor'], 'PER': ['Ari', '##c Male', 'Male', 'Lara Yen', 'Ye', 'Victor Belar', 'Bel', 'Belar'], 'ORG': ['Grand Tribunal Court', 'Eldor', 'Tribunal'], 'MISC': ['El']}",16
02_answer.json,1,"{'MISC': ['Election of 204', 'Quantum Quandary', 'The Quantum Quandary', 'Democrats', 'Republicans'], 'LOC': ['United States', 'Pennsylvania', 'Wisconsin'], 'PER': ['Emily Cortez', 'Robert Hayes', 'El', '##ara Chen', 'Hayes', 'A', '##rjun Patel', 'Chen', 'Patel'], 'ORG': ['National Quantum Computing Center', 'NQCC', 'Election Integrity Board', 'El', 'Supreme', 'Justice']}",23
02_answer.json,2,"{'MISC': ['Battle for Unity', 'Presidential Election', 'Crossover Vote', 'Election Day', 'V', '##oter Flexibility Act', 'Cyber Crisis', 'Sur'], 'LOC': ['United States'], 'PER': ['Emily Brooks', 'Marcus Reed', 'A', '##ali', '##yah Chen', 'Chen', 'Brooks', 'Reed'], 'ORG': ['New Green Digital Economy', 'Third Party', 'Unity Party', 'Call', 'Reform']}",22
02_answer.json,3,"{'MISC': ['Unlikely Lands', 'Democratic', 'Republican'], 'LOC': ['United States', 'Florida', 'Arizona', 'California', 'Texas'], 'PER': ['Eli', '##sa Moreno', 'Moreno', 'Robert Harrison', 'Christine Reynolds'], 'ORG': ['Supreme Court']}",14
02_answer.json,4,"{'LOC': ['United States', 'East Coast', 'Midwest', 'West'], 'PER': ['Janet R. Thompson', 'Thomas J. Hayes', 'Hayes', 'Thompson', 'John Do', 'John'], 'ORG': ['Supreme Court']}",11
02_answer.json,5,"{'LOC': ['United States', 'California', 'Texas', 'Ohio', 'America'], 'PER': ['Sarah Mitchell', 'Daniel Rivers', 'Mitchell', 'Rivers', 'Weeks'], 'ORG': ['FBI', 'Supreme Court']}",12
02_answer.json,6,"{'MISC': ['Tu', 'Election of 203'], 'LOC': ['United States', 'America', 'Ohio', 'Florida'], 'PER': ['Emma Lawson', 'Michael Harmon', 'Lawson', 'Ha', '##rmon'], 'ORG': ['Reformist Party', 'Liberty Party', 'Supreme']}",14
02_answer.json,7,"{'LOC': ['United States'], 'PER': ['Maria Gonzales', 'Jack Thompson', 'Go', '##nza', '##les', 'Thompson', 'Ethan Stone', 'Stone', '##nzales'], 'MISC': ['AI', 'Western', 'Democratic', 'Democrats', 'Republican'], 'ORG': ['House of Representatives', 'House']}",17
02_answer.json,8,"{'MISC': ['##ial Election of', 'Republican', 'Democratic', 'Election Day'], 'LOC': ['United States', 'Florida'], 'PER': ['Michael Greene', 'Emily Carter', 'Lucas Cheng', 'Greene', 'Carter', 'Cheng'], 'ORG': [""Citizen ' s Alliance"", 'Party', 'Supreme', 'Court']}",16
02_answer.json,9,"{'LOC': ['Acadia', 'Hawthorne', 'Novara'], 'PER': ['James', 'Jim', 'Hawthorne', 'Lena T', 'T'], 'ORG': ['T', 'Tran']}",10
02_answer.json,10,"{'LOC': ['Veridonia', '##eridonia'], 'PER': ['Lucas Harrington', 'Eleanor Redmond', 'Harrington', 'Redmond'], 'ORG': ['Progress Party', 'Conservative Union', 'Omega', 'V', 'Red']}",11
17_answer.json,1,"{'PER': ['El', '##ara Luna', '##ara'], 'LOC': ['Verona', 'Arena di Verona', 'Tuscany'], 'MISC': ['Roman']}",7
17_answer.json,2,"{'LOC': ['Tokyo', 'Florence', 'Italy', 'New York'], 'PER': ['Ka', '##el', 'Mae'], 'ORG': ['Juilliard School'], 'MISC': ['Echoes of a Dream']}",9
17_answer.json,3,"{'MISC': ['of the Soul', 'Echoes'], 'PER': ['Aurora Star', 'Aurora'], 'LOC': ['Seraphine', 'Seraphine Amphitheater'], 'ORG': ['Aurora', 'Star']}",8
17_answer.json,4,"{'MISC': ['##chanted', 'Aria'], 'PER': ['Bella', 'Aria Bella', '##ros', 'Aria', 'B', '##rahms', 'Strauss'], 'LOC': ['Vienna', 'Europe', '##vere'], 'ORG': ['Musik', 'Mu']}",14
17_answer.json,5,"{'PER': ['Aria Solis', 'Aria'], 'MISC': ['Echoes of the Sky']}",3
17_answer.json,6,"{'MISC': ['Stage'], 'LOC': ['Aurora Sky', 'Atlantic'], 'PER': ['Aurora Sky'], 'ORG': ['Aurora']}",5
17_answer.json,7,"{'PER': ['El', '##ara Hartley', '##ara'], 'LOC': ['Grand Amphitheater', 'Lunaire City']}",5
17_answer.json,8,"{'LOC': ['Tokyo', 'Tokyo National Stadium', 'Luna'], 'PER': ['Ser', '##aph', '##ina Elise', '##ina'], 'MISC': ['St', 'Japanese'], 'ORG': ['##radiva', 'Luna']}",11
17_answer.json,9,"{'LOC': ['Barcelona', 'Palau de la Música Catalana', 'Palau de la Música'], 'PER': ['Luna Éliane', 'Luna', 'Luna Élian'], 'MISC': ['Modernista', 'Mediterranean']}",8
17_answer.json,10,"{'LOC': ['San Verde', '##Dome'], 'PER': ['Aria Celeste', 'Aria'], 'MISC': ['Harmony of the Spheres', 'Astra', 'AstraD']}",7
